lean_name	target	verdict
Acc	-	UNMAPPED
Acc.intro	-	UNMAPPED
Acc.inv	-	UNMAPPED
Acc.rec	-	UNMAPPED
Acc.recOn	-	UNMAPPED
Add	-	UNMAPPED
Add.add	-	UNMAPPED
Add.mk	-	UNMAPPED
And	-	UNMAPPED
And.casesOn	-	UNMAPPED
And.comm	-	UNMAPPED
And.intro	-	UNMAPPED
And.left	-	UNMAPPED
And.rec	-	UNMAPPED
And.right	-	UNMAPPED
And.symm	-	UNMAPPED
Append	-	UNMAPPED
Append.append	-	UNMAPPED
Append.mk	-	UNMAPPED
Array	-	UNMAPPED
Array.empty	-	UNMAPPED
Array.emptyWithCapacity	-	UNMAPPED
Array.mk	-	UNMAPPED
Array.push	-	UNMAPPED
Array.size	-	UNMAPPED
Array.toList	-	UNMAPPED
BEq	-	UNMAPPED
BEq.beq	-	UNMAPPED
BEq.mk	-	UNMAPPED
BEq.rfl	-	UNMAPPED
BitVec	-	UNMAPPED
BitVec.ofFin	-	UNMAPPED
BitVec.ofNat	-	UNMAPPED
BitVec.ofNat._proof_1	-	UNMAPPED
BitVec.ofNatLT	-	UNMAPPED
BitVec.toFin	-	UNMAPPED
BitVec.toNat	-	UNMAPPED
Bool	MechBool	NAME_ONLY
Bool.and	-	UNMAPPED
Bool.and.match_1	-	UNMAPPED
Bool.and_eq_false_imp	-	UNMAPPED
Bool.and_eq_false_imp._simp_1	-	UNMAPPED
Bool.and_eq_true	-	UNMAPPED
Bool.and_eq_true_iff	-	UNMAPPED
Bool.and_true	-	UNMAPPED
Bool.casesOn	-	UNMAPPED
Bool.ctorIdx	-	UNMAPPED
Bool.decEq	-	UNMAPPED
Bool.decEq.match_1	-	UNMAPPED
Bool.decide_and	-	UNMAPPED
Bool.false	mechFalse	NAME_ONLY
Bool.false_and	-	UNMAPPED
Bool.false_or	-	UNMAPPED
Bool.if_false_left	-	UNMAPPED
Bool.if_true_left	-	UNMAPPED
Bool.instDecidableForallOfDecidablePred	-	UNMAPPED
Bool.instDecidableForallOfDecidablePred._proof_1	-	UNMAPPED
Bool.instDecidableForallOfDecidablePred._proof_2	-	UNMAPPED
Bool.instDecidableForallOfDecidablePred._proof_3	-	UNMAPPED
Bool.instDecidableForallOfDecidablePred.match_1	-	UNMAPPED
Bool.instDecidableForallOfDecidablePred.match_3	-	UNMAPPED
Bool.ite_eq_true_distrib	-	UNMAPPED
Bool.noConfusion	-	UNMAPPED
Bool.noConfusionType	-	UNMAPPED
Bool.not	-	UNMAPPED
Bool.not_and	-	UNMAPPED
Bool.not_eq_eq_eq_not	-	UNMAPPED
Bool.not_eq_eq_eq_not._simp_1	-	UNMAPPED
Bool.not_eq_false	-	UNMAPPED
Bool.not_eq_true	-	UNMAPPED
Bool.not_false	-	UNMAPPED
Bool.not_true	-	UNMAPPED
Bool.of_not_eq_true	-	UNMAPPED
Bool.or	-	UNMAPPED
Bool.or_eq_false_iff	-	UNMAPPED
Bool.or_eq_false_iff._simp_1	-	UNMAPPED
Bool.or_eq_true	-	UNMAPPED
Bool.rec	-	UNMAPPED
Bool.true	mechTrue	NAME_ONLY
Bool.true_and	-	UNMAPPED
Bool.true_or	-	UNMAPPED
ByteArray	-	UNMAPPED
ByteArray.IsValidUTF8	-	UNMAPPED
ByteArray.IsValidUTF8.intro	-	UNMAPPED
ByteArray.casesOn	-	UNMAPPED
ByteArray.empty	-	UNMAPPED
ByteArray.emptyWithCapacity	-	UNMAPPED
ByteArray.mk	-	UNMAPPED
ByteArray.push	-	UNMAPPED
ByteArray.push.match_1	-	UNMAPPED
ByteArray.rec	-	UNMAPPED
ByteArray.size	-	UNMAPPED
ByteArray.size.match_1	-	UNMAPPED
Char	-	UNMAPPED
Char.mk	-	UNMAPPED
Char.ofNat	-	UNMAPPED
Char.ofNat._proof_1	-	UNMAPPED
Char.ofNat._proof_2	-	UNMAPPED
Char.ofNatAux	-	UNMAPPED
Char.ofNatAux._private_1	-	UNMAPPED
Char.val	-	UNMAPPED
Classical.byCases	-	UNMAPPED
Classical.byContradiction	-	UNMAPPED
Classical.choice	-	UNMAPPED
Classical.choose	-	UNMAPPED
Classical.choose_spec	-	UNMAPPED
Classical.em	-	UNMAPPED
Classical.indefiniteDescription	-	UNMAPPED
Classical.indefiniteDescription._proof_1	-	UNMAPPED
Classical.indefiniteDescription.match_1	-	UNMAPPED
Classical.propDecidable	-	UNMAPPED
Classical.propDecidable._proof_1	-	UNMAPPED
Classical.propDecidable.match_1	-	UNMAPPED
Decidable	MechDecidable	NAME_ONLY
Decidable.byCases	-	UNMAPPED
Decidable.byCases.match_1	-	UNMAPPED
Decidable.byContradiction	-	UNMAPPED
Decidable.casesOn	-	UNMAPPED
Decidable.decide	-	UNMAPPED
Decidable.decide.congr_simp	-	UNMAPPED
Decidable.em	-	UNMAPPED
Decidable.iff_iff_and_or_not_and_not	-	UNMAPPED
Decidable.isFalse	mechIsFalse	NAME_ONLY
Decidable.isTrue	mechIsTrue	NAME_ONLY
Decidable.not_not	-	UNMAPPED
Decidable.of_not_not	-	UNMAPPED
Decidable.rec	-	UNMAPPED
DecidableEq	-	UNMAPPED
DecidablePred	-	UNMAPPED
DecidableRel	-	UNMAPPED
Div	-	UNMAPPED
Div.div	-	UNMAPPED
Div.mk	-	UNMAPPED
Dvd	-	UNMAPPED
Dvd.dvd	-	UNMAPPED
Dvd.mk	-	UNMAPPED
Eq	MechEq	NAME_ONLY
Eq.casesOn	-	UNMAPPED
Eq.comm	-	UNMAPPED
Eq.mp	-	UNMAPPED
Eq.mpr	-	UNMAPPED
Eq.mpr_not	-	UNMAPPED
Eq.mpr_prop	-	UNMAPPED
Eq.ndrec	mechTransport	NAME_ONLY
Eq.ndrec_symm	-	UNMAPPED
Eq.propIntro	-	UNMAPPED
Eq.rec	mechJ	NAME_ONLY
Eq.refl	mechRefl	NAME_ONLY
Eq.subst	-	UNMAPPED
Eq.symm	mechSymm	NAME_ONLY
Eq.to_iff	-	UNMAPPED
Eq.trans	mechTrans	NAME_ONLY
Exists	-	UNMAPPED
Exists.casesOn	-	UNMAPPED
Exists.choose	-	UNMAPPED
Exists.choose_spec	-	UNMAPPED
Exists.intro	-	UNMAPPED
Exists.rec	-	UNMAPPED
False	MechFalse	NAME_ONLY
False.casesOn	-	UNMAPPED
False.elim	-	UNMAPPED
False.rec	-	UNMAPPED
Fin	-	UNMAPPED
Fin.Internal.ofNat	-	UNMAPPED
Fin.casesOn	-	UNMAPPED
Fin.castAdd	-	UNMAPPED
Fin.castLE	-	UNMAPPED
Fin.castLE._proof_1	-	UNMAPPED
Fin.castSucc	-	UNMAPPED
Fin.eq_of_val_eq	-	UNMAPPED
Fin.ext	-	UNMAPPED
Fin.isLt	-	UNMAPPED
Fin.last	-	UNMAPPED
Fin.mk	-	UNMAPPED
Fin.rec	-	UNMAPPED
Fin.val	-	UNMAPPED
Fin.val_eq_of_eq	-	UNMAPPED
Function.comp	-	UNMAPPED
GE.ge	-	UNMAPPED
GT.gt	-	UNMAPPED
GetElem	-	UNMAPPED
GetElem.getElem	-	UNMAPPED
GetElem.mk	-	UNMAPPED
HAdd	-	UNMAPPED
HAdd.hAdd	-	UNMAPPED
HAdd.mk	-	UNMAPPED
HAppend	-	UNMAPPED
HAppend.hAppend	-	UNMAPPED
HAppend.mk	-	UNMAPPED
HDiv	-	UNMAPPED
HDiv.hDiv	-	UNMAPPED
HDiv.mk	-	UNMAPPED
HEq	-	UNMAPPED
HEq.casesOn	-	UNMAPPED
HEq.homo_ndrec	-	UNMAPPED
HEq.ndrecOn	-	UNMAPPED
HEq.rec	-	UNMAPPED
HEq.refl	-	UNMAPPED
HEq.rfl	-	UNMAPPED
HEq.subst	-	UNMAPPED
HEq.symm	-	UNMAPPED
HEq.trans	-	UNMAPPED
HMod	-	UNMAPPED
HMod.hMod	-	UNMAPPED
HMod.mk	-	UNMAPPED
HMul	-	UNMAPPED
HMul.hMul	-	UNMAPPED
HMul.mk	-	UNMAPPED
HPow	-	UNMAPPED
HPow.hPow	-	UNMAPPED
HPow.mk	-	UNMAPPED
HSub	-	UNMAPPED
HSub.hSub	-	UNMAPPED
HSub.mk	-	UNMAPPED
Iff	-	UNMAPPED
Iff.comm	-	UNMAPPED
Iff.intro	-	UNMAPPED
Iff.mp	-	UNMAPPED
Iff.mpr	-	UNMAPPED
Iff.of_eq	-	UNMAPPED
Iff.refl	-	UNMAPPED
Iff.rfl	-	UNMAPPED
Iff.symm	-	UNMAPPED
Iff.trans	-	UNMAPPED
Inhabited	-	UNMAPPED
Inhabited.default	-	UNMAPPED
Inhabited.mk	-	UNMAPPED
Int	-	UNMAPPED
Int.NonNeg	-	UNMAPPED
Int.NonNeg.casesOn	-	UNMAPPED
Int.NonNeg.mk	-	UNMAPPED
Int.NonNeg.rec	-	UNMAPPED
Int.add	-	UNMAPPED
Int.add.match_1	-	UNMAPPED
Int.add_assoc	-	UNMAPPED
Int.add_comm	-	UNMAPPED
Int.add_ediv_of_dvd_left	-	UNMAPPED
Int.add_ediv_of_dvd_right	-	UNMAPPED
Int.add_emod	-	UNMAPPED
Int.add_emod_emod	-	UNMAPPED
Int.add_le_add	-	UNMAPPED
Int.add_le_add_iff_right	-	UNMAPPED
Int.add_le_add_iff_right._simp_1	-	UNMAPPED
Int.add_le_add_left	-	UNMAPPED
Int.add_le_add_right	-	UNMAPPED
Int.add_left_cancel	-	UNMAPPED
Int.add_left_comm	-	UNMAPPED
Int.add_left_neg	-	UNMAPPED
Int.add_lt_add_left	-	UNMAPPED
Int.add_lt_add_right	-	UNMAPPED
Int.add_mul	-	UNMAPPED
Int.add_mul_ediv_left	-	UNMAPPED
Int.add_mul_ediv_right	-	UNMAPPED
Int.add_mul_emod_self_left	-	UNMAPPED
Int.add_mul_emod_self_right	-	UNMAPPED
Int.add_neg_cancel_right	-	UNMAPPED
Int.add_neg_eq_sub	-	UNMAPPED
Int.add_nonneg	-	UNMAPPED
Int.add_one_le_of_lt	-	UNMAPPED
Int.add_right_comm	-	UNMAPPED
Int.add_right_neg	-	UNMAPPED
Int.add_sub_cancel	-	UNMAPPED
Int.add_zero	-	UNMAPPED
Int.casesOn	-	UNMAPPED
Int.cast	-	UNMAPPED
Int.ctorIdx	-	UNMAPPED
Int.decEq	-	UNMAPPED
Int.decEq._proof_1	-	UNMAPPED
Int.decEq._proof_2	-	UNMAPPED
Int.decEq._proof_3	-	UNMAPPED
Int.decEq._proof_4	-	UNMAPPED
Int.decEq._proof_5	-	UNMAPPED
Int.decEq._proof_6	-	UNMAPPED
Int.decEq.match_1	-	UNMAPPED
Int.decLe	-	UNMAPPED
Int.decLt	-	UNMAPPED
Int.decNonneg	-	UNMAPPED
Int.decNonneg._proof_1	-	UNMAPPED
Int.decidableDvd	-	UNMAPPED
Int.decidableDvd._proof_1	-	UNMAPPED
Int.divExact	-	UNMAPPED
Int.divExact_eq_tdiv	-	UNMAPPED
Int.div_def	-	UNMAPPED
Int.dvd_add	-	UNMAPPED
Int.dvd_iff_dvd_of_dvd_add	-	UNMAPPED
Int.dvd_iff_dvd_of_dvd_sub	-	UNMAPPED
Int.dvd_iff_emod_eq_zero	-	UNMAPPED
Int.dvd_mul_left	-	UNMAPPED
Int.dvd_mul_right	-	UNMAPPED
Int.dvd_natAbs	-	UNMAPPED
Int.dvd_neg	-	UNMAPPED
Int.dvd_neg._simp_1	-	UNMAPPED
Int.dvd_of_emod_eq_zero	-	UNMAPPED
Int.dvd_refl	-	UNMAPPED
Int.dvd_sub	-	UNMAPPED
Int.dvd_trans	-	UNMAPPED
Int.dvd_zero	-	UNMAPPED
Int.dvd_zero._simp_1	-	UNMAPPED
Int.ediv	-	UNMAPPED
Int.ediv.eq_4	-	UNMAPPED
Int.ediv.eq_5	-	UNMAPPED
Int.ediv.match_1	-	UNMAPPED
Int.ediv_eq_neg_one_of_neg_of_le	-	UNMAPPED
Int.ediv_eq_one_of_neg_of_le	-	UNMAPPED
Int.ediv_eq_tdiv	-	UNMAPPED
Int.ediv_mul_cancel	-	UNMAPPED
Int.ediv_mul_cancel_of_emod_eq_zero	-	UNMAPPED
Int.ediv_neg	-	UNMAPPED
Int.ediv_nonneg	-	UNMAPPED
Int.ediv_nonneg_iff_of_pos	-	UNMAPPED
Int.ediv_one	-	UNMAPPED
Int.ediv_zero	-	UNMAPPED
Int.emod	-	UNMAPPED
Int.emod.eq_2	-	UNMAPPED
Int.emod.match_1	-	UNMAPPED
Int.emod_add_emod	-	UNMAPPED
Int.emod_add_mul_ediv	-	UNMAPPED
Int.emod_def	-	UNMAPPED
Int.emod_emod_of_dvd	-	UNMAPPED
Int.emod_eq_zero_of_dvd	-	UNMAPPED
Int.emod_lt_of_neg	-	UNMAPPED
Int.emod_lt_of_pos	-	UNMAPPED
Int.emod_neg	-	UNMAPPED
Int.emod_nonneg	-	UNMAPPED
Int.emod_pos_of_not_dvd	-	UNMAPPED
Int.emod_self	-	UNMAPPED
Int.emod_zero	-	UNMAPPED
Int.eq_iff_le_and_ge	-	UNMAPPED
Int.eq_nat_or_neg	-	UNMAPPED
Int.eq_negSucc_of_lt_zero	-	UNMAPPED
Int.eq_neg_comm	-	UNMAPPED
Int.eq_neg_of_eq_neg	-	UNMAPPED
Int.eq_ofNat_of_zero_le	-	UNMAPPED
Int.eq_succ_of_zero_lt	-	UNMAPPED
Int.ge_of_eq	-	UNMAPPED
Int.instAdd	-	UNMAPPED
Int.instDecidableEq	-	UNMAPPED
Int.instDiv	-	UNMAPPED
Int.instDvd	-	UNMAPPED
Int.instIsLinearOrder	-	UNMAPPED
Int.instLEInt	-	UNMAPPED
Int.instLTInt	-	UNMAPPED
Int.instLawfulBEq	-	UNMAPPED
Int.instMax	-	UNMAPPED
Int.instMin	-	UNMAPPED
Int.instMod	-	UNMAPPED
Int.instMul	-	UNMAPPED
Int.instNegInt	-	UNMAPPED
Int.instSub	-	UNMAPPED
Int.le	-	UNMAPPED
Int.le.dest	-	UNMAPPED
Int.le.dest_sub	-	UNMAPPED
Int.le.intro	-	UNMAPPED
Int.le.intro_sub	-	UNMAPPED
Int.le_antisymm	-	UNMAPPED
Int.le_antisymm_iff	-	UNMAPPED
Int.le_def	-	UNMAPPED
Int.le_max_left	-	UNMAPPED
Int.le_max_right	-	UNMAPPED
Int.le_min	-	UNMAPPED
Int.le_of_add_le_add_left	-	UNMAPPED
Int.le_of_add_le_add_right	-	UNMAPPED
Int.le_of_eq	-	UNMAPPED
Int.le_of_lt	-	UNMAPPED
Int.le_of_mul_le_mul_left	-	UNMAPPED
Int.le_of_mul_le_mul_right	-	UNMAPPED
Int.le_of_neg_le_neg	-	UNMAPPED
Int.le_of_sub_nonneg	-	UNMAPPED
Int.le_refl	-	UNMAPPED
Int.le_refl._simp_1	-	UNMAPPED
Int.le_rfl	-	UNMAPPED
Int.le_total	-	UNMAPPED
Int.le_trans	-	UNMAPPED
Int.lt	-	UNMAPPED
Int.lt.dest	-	UNMAPPED
Int.lt.intro	-	UNMAPPED
Int.lt_add_succ	-	UNMAPPED
Int.lt_iff_add_one_le	-	UNMAPPED
Int.lt_iff_le_and_ne	-	UNMAPPED
Int.lt_iff_le_and_not_ge	-	UNMAPPED
Int.lt_irrefl	-	UNMAPPED
Int.lt_irrefl._simp_1	-	UNMAPPED
Int.lt_of_lt_of_le	-	UNMAPPED
Int.lt_of_not_ge	-	UNMAPPED
Int.lt_of_sub_pos	-	UNMAPPED
Int.lt_or_gt_of_ne	-	UNMAPPED
Int.lt_trichotomy	-	UNMAPPED
Int.max_comm	-	UNMAPPED
Int.max_def	-	UNMAPPED
Int.max_le	-	UNMAPPED
Int.min_comm	-	UNMAPPED
Int.min_def	-	UNMAPPED
Int.min_le_left	-	UNMAPPED
Int.min_le_right	-	UNMAPPED
Int.mul	-	UNMAPPED
Int.mul_add	-	UNMAPPED
Int.mul_add_ediv_left	-	UNMAPPED
Int.mul_assoc	-	UNMAPPED
Int.mul_comm	-	UNMAPPED
Int.mul_ediv_add_emod	-	UNMAPPED
Int.mul_ediv_assoc	-	UNMAPPED
Int.mul_ediv_assoc'	-	UNMAPPED
Int.mul_ediv_cancel	-	UNMAPPED
Int.mul_ediv_cancel_left	-	UNMAPPED
Int.mul_ediv_cancel_of_emod_eq_zero	-	UNMAPPED
Int.mul_ediv_mul_of_pos	-	UNMAPPED
Int.mul_emod_left	-	UNMAPPED
Int.mul_emod_right	-	UNMAPPED
Int.mul_eq_zero	-	UNMAPPED
Int.mul_le_mul_iff_of_pos_right	-	UNMAPPED
Int.mul_le_mul_of_nonneg_left	-	UNMAPPED
Int.mul_le_mul_of_nonneg_right	-	UNMAPPED
Int.mul_le_mul_of_nonpos_left	-	UNMAPPED
Int.mul_le_mul_of_nonpos_right	-	UNMAPPED
Int.mul_left_comm	-	UNMAPPED
Int.mul_lt_mul_of_pos_left	-	UNMAPPED
Int.mul_lt_mul_of_pos_right	-	UNMAPPED
Int.mul_ne_zero	-	UNMAPPED
Int.mul_neg	-	UNMAPPED
Int.mul_neg_of_neg_of_pos	-	UNMAPPED
Int.mul_nonneg	-	UNMAPPED
Int.mul_nonneg_iff_of_pos_right	-	UNMAPPED
Int.mul_nonpos_of_nonneg_of_nonpos	-	UNMAPPED
Int.mul_nonpos_of_nonpos_of_nonneg	-	UNMAPPED
Int.mul_one	-	UNMAPPED
Int.mul_pos	-	UNMAPPED
Int.mul_right_comm	-	UNMAPPED
Int.mul_sub	-	UNMAPPED
Int.mul_tdiv_cancel	-	UNMAPPED
Int.mul_tdiv_cancel_of_tmod_eq_zero	-	UNMAPPED
Int.mul_tmod_left	-	UNMAPPED
Int.mul_tmod_right	-	UNMAPPED
Int.mul_zero	-	UNMAPPED
Int.natAbs	-	UNMAPPED
Int.natAbs_dvd_natAbs	-	UNMAPPED
Int.natAbs_ediv	-	UNMAPPED
Int.natAbs_ediv_of_dvd	-	UNMAPPED
Int.natAbs_eq	-	UNMAPPED
Int.natAbs_eq_natAbs_iff	-	UNMAPPED
Int.natAbs_eq_zero	-	UNMAPPED
Int.natAbs_mul	-	UNMAPPED
Int.natAbs_natCast	-	UNMAPPED
Int.natAbs_neg	-	UNMAPPED
Int.natAbs_negOfNat	-	UNMAPPED
Int.natAbs_negSucc	-	UNMAPPED
Int.natAbs_of_nonneg	-	UNMAPPED
Int.natAbs_pos	-	UNMAPPED
Int.natAbs_tdiv	-	UNMAPPED
Int.natCast_add	-	UNMAPPED
Int.natCast_ediv	-	UNMAPPED
Int.natCast_emod	-	UNMAPPED
Int.natCast_eq_zero	-	UNMAPPED
Int.natCast_eq_zero._simp_1	-	UNMAPPED
Int.natCast_mul	-	UNMAPPED
Int.natCast_nonneg	-	UNMAPPED
Int.natCast_nonneg._simp_1	-	UNMAPPED
Int.natCast_one	-	UNMAPPED
Int.natCast_pos	-	UNMAPPED
Int.natCast_pos._simp_1	-	UNMAPPED
Int.natCast_succ	-	UNMAPPED
Int.ne_iff_lt_or_gt	-	UNMAPPED
Int.ne_of_gt	-	UNMAPPED
Int.ne_of_lt	-	UNMAPPED
Int.neg	-	UNMAPPED
Int.neg.match_1	-	UNMAPPED
Int.negOfNat	-	UNMAPPED
Int.negOfNat.match_1	-	UNMAPPED
Int.negOfNat_add	-	UNMAPPED
Int.negOfNat_eq_subNatNat_zero	-	UNMAPPED
Int.negOfNat_mul_negSucc	-	UNMAPPED
Int.negOfNat_mul_ofNat	-	UNMAPPED
Int.negSucc	-	UNMAPPED
Int.negSucc.inj	-	UNMAPPED
Int.negSucc.injEq	-	UNMAPPED
Int.negSucc.noConfusion	-	UNMAPPED
Int.negSucc_emod_negSucc_eq_zero_iff	-	UNMAPPED
Int.negSucc_emod_ofNat_succ_eq_zero_iff	-	UNMAPPED
Int.negSucc_eq	-	UNMAPPED
Int.negSucc_lt_zero	-	UNMAPPED
Int.negSucc_mul_negOfNat	-	UNMAPPED
Int.negSucc_mul_ofNat	-	UNMAPPED
Int.negSucc_mul_subNatNat	-	UNMAPPED
Int.negSucc_ne_zero	-	UNMAPPED
Int.negSucc_ne_zero._simp_1	-	UNMAPPED
Int.negSucc_not_nonneg	-	UNMAPPED
Int.negSucc_not_nonneg._simp_1	-	UNMAPPED
Int.negSucc_sub_one	-	UNMAPPED
Int.neg_add	-	UNMAPPED
Int.neg_add_cancel_left	-	UNMAPPED
Int.neg_add_cancel_right	-	UNMAPPED
Int.neg_dvd	-	UNMAPPED
Int.neg_dvd._simp_1	-	UNMAPPED
Int.neg_ediv	-	UNMAPPED
Int.neg_ediv_of_dvd	-	UNMAPPED
Int.neg_eq_comm	-	UNMAPPED
Int.neg_eq_neg_one_mul	-	UNMAPPED
Int.neg_eq_of_add_eq_zero	-	UNMAPPED
Int.neg_eq_zero	-	UNMAPPED
Int.neg_eq_zero._simp_1	-	UNMAPPED
Int.neg_inj	-	UNMAPPED
Int.neg_inj._simp_1	-	UNMAPPED
Int.neg_le_neg	-	UNMAPPED
Int.neg_le_neg_iff	-	UNMAPPED
Int.neg_le_neg_iff._simp_1	-	UNMAPPED
Int.neg_lt_neg	-	UNMAPPED
Int.neg_lt_neg_iff	-	UNMAPPED
Int.neg_lt_zero_iff	-	UNMAPPED
Int.neg_mul	-	UNMAPPED
Int.neg_mul_eq_mul_neg	-	UNMAPPED
Int.neg_mul_eq_neg_mul	-	UNMAPPED
Int.neg_mul_neg	-	UNMAPPED
Int.neg_neg	-	UNMAPPED
Int.neg_negSucc	-	UNMAPPED
Int.neg_neg_of_pos	-	UNMAPPED
Int.neg_nonneg	-	UNMAPPED
Int.neg_nonneg_of_nonpos	-	UNMAPPED
Int.neg_ofNat_eq_negSucc_add_one_iff	-	UNMAPPED
Int.neg_ofNat_eq_negSucc_iff	-	UNMAPPED
Int.neg_ofNat_succ	-	UNMAPPED
Int.neg_pos_of_neg	-	UNMAPPED
Int.neg_sub	-	UNMAPPED
Int.neg_tdiv	-	UNMAPPED
Int.neg_tdiv_neg	-	UNMAPPED
Int.neg_zero	-	UNMAPPED
Int.noConfusion	-	UNMAPPED
Int.noConfusionType	-	UNMAPPED
Int.nonneg_def	-	UNMAPPED
Int.nonneg_or_nonneg_neg	-	UNMAPPED
Int.nonpos_of_neg_nonneg	-	UNMAPPED
Int.not_le	-	UNMAPPED
Int.not_le._simp_1	-	UNMAPPED
Int.not_le_of_gt	-	UNMAPPED
Int.not_lt	-	UNMAPPED
Int.not_lt._simp_1	-	UNMAPPED
Int.ofNat	-	UNMAPPED
Int.ofNat.inj	-	UNMAPPED
Int.ofNat.noConfusion	-	UNMAPPED
Int.ofNat_dvd	-	UNMAPPED
Int.ofNat_dvd._simp_1	-	UNMAPPED
Int.ofNat_dvd_left	-	UNMAPPED
Int.ofNat_eq_natCast	-	UNMAPPED
Int.ofNat_eq_zero	-	UNMAPPED
Int.ofNat_inj	-	UNMAPPED
Int.ofNat_inj._simp_1	-	UNMAPPED
Int.ofNat_le	-	UNMAPPED
Int.ofNat_le._simp_1	-	UNMAPPED
Int.ofNat_lt	-	UNMAPPED
Int.ofNat_lt._simp_1	-	UNMAPPED
Int.ofNat_mul_negOfNat	-	UNMAPPED
Int.ofNat_mul_subNatNat	-	UNMAPPED
Int.ofNat_sub	-	UNMAPPED
Int.ofNat_succ_pos	-	UNMAPPED
Int.ofNat_zero	-	UNMAPPED
Int.one_mul	-	UNMAPPED
Int.rec	-	UNMAPPED
Int.sign	-	UNMAPPED
Int.sign.match_1	-	UNMAPPED
Int.sign_eq_neg_one_of_neg	-	UNMAPPED
Int.sign_eq_one_of_pos	-	UNMAPPED
Int.sub	-	UNMAPPED
Int.subNatNat	-	UNMAPPED
Int.subNatNat.eq_1	-	UNMAPPED
Int.subNatNat_add	-	UNMAPPED
Int.subNatNat_add_add	-	UNMAPPED
Int.subNatNat_add_left	-	UNMAPPED
Int.subNatNat_add_negSucc	-	UNMAPPED
Int.subNatNat_add_right	-	UNMAPPED
Int.subNatNat_elim	-	UNMAPPED
Int.subNatNat_of_le	-	UNMAPPED
Int.subNatNat_of_lt	-	UNMAPPED
Int.subNatNat_of_sub_eq_succ	-	UNMAPPED
Int.subNatNat_of_sub_eq_zero	-	UNMAPPED
Int.subNatNat_self	-	UNMAPPED
Int.subNatNat_sub	-	UNMAPPED
Int.subNat_eq_zero_iff	-	UNMAPPED
Int.subNat_eq_zero_iff._simp_1	-	UNMAPPED
Int.sub_add_cancel	-	UNMAPPED
Int.sub_ediv_of_dvd	-	UNMAPPED
Int.sub_eq_add_neg	-	UNMAPPED
Int.sub_eq_zero_of_eq	-	UNMAPPED
Int.sub_left_le_of_le_add	-	UNMAPPED
Int.sub_lt_self	-	UNMAPPED
Int.sub_mul	-	UNMAPPED
Int.sub_neg	-	UNMAPPED
Int.sub_nonneg	-	UNMAPPED
Int.sub_nonneg_of_le	-	UNMAPPED
Int.sub_pos_of_lt	-	UNMAPPED
Int.sub_self	-	UNMAPPED
Int.sub_sub	-	UNMAPPED
Int.sub_sub_self	-	UNMAPPED
Int.sub_zero	-	UNMAPPED
Int.tdiv	-	UNMAPPED
Int.tdiv.match_1	-	UNMAPPED
Int.tdiv_eq_ediv	-	UNMAPPED
Int.tdiv_eq_ediv_of_dvd	-	UNMAPPED
Int.tdiv_eq_ediv_of_nonneg	-	UNMAPPED
Int.tdiv_mul_cancel	-	UNMAPPED
Int.tdiv_mul_cancel_of_tmod_eq_zero	-	UNMAPPED
Int.tdiv_neg	-	UNMAPPED
Int.tdiv_zero	-	UNMAPPED
Int.tmod	-	UNMAPPED
Int.tmod_add_mul_tdiv	-	UNMAPPED
Int.tmod_def	-	UNMAPPED
Int.tmod_eq_zero_of_dvd	-	UNMAPPED
Int.tmod_zero	-	UNMAPPED
Int.wlog_sign	-	UNMAPPED
Int.zero_add	-	UNMAPPED
Int.zero_dvd	-	UNMAPPED
Int.zero_dvd._simp_1	-	UNMAPPED
Int.zero_ediv	-	UNMAPPED
Int.zero_emod	-	UNMAPPED
Int.zero_mul	-	UNMAPPED
Int.zero_sub	-	UNMAPPED
Int.zero_tdiv	-	UNMAPPED
IntCast	-	UNMAPPED
IntCast.intCast	-	UNMAPPED
IntCast.mk	-	UNMAPPED
Inv	-	UNMAPPED
Inv.inv	-	UNMAPPED
Inv.mk	-	UNMAPPED
InvImage	-	UNMAPPED
KanSaturation.LinForm	-	UNMAPPED
KanSaturation.LinForm.add	-	UNMAPPED
KanSaturation.LinForm.const	-	UNMAPPED
KanSaturation.LinForm.evalK	-	UNMAPPED
KanSaturation.LinForm.mk	-	UNMAPPED
KanSaturation.LinForm.scale	-	UNMAPPED
KanSaturation.LinForm.scale.match_1	-	UNMAPPED
KanSaturation.LinForm.terms	-	UNMAPPED
KanSaturation.OrderedField	-	UNMAPPED
KanSaturation.OrderedField.add_assoc	-	UNMAPPED
KanSaturation.OrderedField.add_comm	-	UNMAPPED
KanSaturation.OrderedField.add_le_add_left	-	UNMAPPED
KanSaturation.OrderedField.add_le_add_right	-	UNMAPPED
KanSaturation.OrderedField.add_left_comm	-	UNMAPPED
KanSaturation.OrderedField.add_lt_add_left	-	UNMAPPED
KanSaturation.OrderedField.add_lt_add_right	-	UNMAPPED
KanSaturation.OrderedField.add_mul	-	UNMAPPED
KanSaturation.OrderedField.add_neg_cancel'	-	UNMAPPED
KanSaturation.OrderedField.add_nonneg	-	UNMAPPED
KanSaturation.OrderedField.add_pos	-	UNMAPPED
KanSaturation.OrderedField.add_pos_of_nonneg_of_pos	-	UNMAPPED
KanSaturation.OrderedField.add_pos_of_pos_of_nonneg	-	UNMAPPED
KanSaturation.OrderedField.add_zero	-	UNMAPPED
KanSaturation.OrderedField.collapse_evalK	-	UNMAPPED
KanSaturation.OrderedField.evalK_add	-	UNMAPPED
KanSaturation.OrderedField.evalK_atom	-	UNMAPPED
KanSaturation.OrderedField.evalK_const	-	UNMAPPED
KanSaturation.OrderedField.evalK_eq_const_of_collapse	-	UNMAPPED
KanSaturation.OrderedField.evalK_nil_nonneg	-	UNMAPPED
KanSaturation.OrderedField.evalK_scale	-	UNMAPPED
KanSaturation.OrderedField.evalK_scale_neg_one	-	UNMAPPED
KanSaturation.OrderedField.falseK_of_fold_lt	-	UNMAPPED
KanSaturation.OrderedField.holdsK_le_add	-	UNMAPPED
KanSaturation.OrderedField.holdsK_le_of_diff	-	UNMAPPED
KanSaturation.OrderedField.holdsK_le_scale	-	UNMAPPED
KanSaturation.OrderedField.holdsK_lt_add	-	UNMAPPED
KanSaturation.OrderedField.holdsK_lt_add_of_le_of_lt	-	UNMAPPED
KanSaturation.OrderedField.holdsK_lt_add_of_lt_of_le	-	UNMAPPED
KanSaturation.OrderedField.holdsK_lt_of_diff	-	UNMAPPED
KanSaturation.OrderedField.holdsK_lt_scale_pos	-	UNMAPPED
KanSaturation.OrderedField.insert_evalK	-	UNMAPPED
KanSaturation.OrderedField.intCast_add	-	UNMAPPED
KanSaturation.OrderedField.intCast_le	-	UNMAPPED
KanSaturation.OrderedField.intCast_mul	-	UNMAPPED
KanSaturation.OrderedField.intCast_neg	-	UNMAPPED
KanSaturation.OrderedField.intCast_nonneg	-	UNMAPPED
KanSaturation.OrderedField.intCast_one	-	UNMAPPED
KanSaturation.OrderedField.intCast_pos	-	UNMAPPED
KanSaturation.OrderedField.intCast_zero	-	UNMAPPED
KanSaturation.OrderedField.le_add_of_nonneg_left	-	UNMAPPED
KanSaturation.OrderedField.le_add_of_nonneg_right	-	UNMAPPED
KanSaturation.OrderedField.le_antisymm	-	UNMAPPED
KanSaturation.OrderedField.le_of_lt	-	UNMAPPED
KanSaturation.OrderedField.le_refl	-	UNMAPPED
KanSaturation.OrderedField.le_trans	-	UNMAPPED
KanSaturation.OrderedField.lt_iff_le_and_ne	-	UNMAPPED
KanSaturation.OrderedField.lt_of_lt_of_le	-	UNMAPPED
KanSaturation.OrderedField.mk	-	UNMAPPED
KanSaturation.OrderedField.mul_add	-	UNMAPPED
KanSaturation.OrderedField.mul_assoc	-	UNMAPPED
KanSaturation.OrderedField.mul_comm	-	UNMAPPED
KanSaturation.OrderedField.mul_neg	-	UNMAPPED
KanSaturation.OrderedField.mul_nonneg	-	UNMAPPED
KanSaturation.OrderedField.mul_pos	-	UNMAPPED
KanSaturation.OrderedField.mul_zero	-	UNMAPPED
KanSaturation.OrderedField.neg_add_cancel	-	UNMAPPED
KanSaturation.OrderedField.neg_eq_of_add_eq_zero	-	UNMAPPED
KanSaturation.OrderedField.neg_mul	-	UNMAPPED
KanSaturation.OrderedField.not_le	-	UNMAPPED
KanSaturation.OrderedField.one_mul	-	UNMAPPED
KanSaturation.OrderedField.reifyQ_add	-	UNMAPPED
KanSaturation.OrderedField.reifyQ_atom	-	UNMAPPED
KanSaturation.OrderedField.reifyQ_const	-	UNMAPPED
KanSaturation.OrderedField.reifyQ_neg	-	UNMAPPED
KanSaturation.OrderedField.reifyQ_sub	-	UNMAPPED
KanSaturation.OrderedField.sub_eq_add_neg	-	UNMAPPED
KanSaturation.OrderedField.sub_nonneg_of_le	-	UNMAPPED
KanSaturation.OrderedField.sub_pos_of_lt	-	UNMAPPED
KanSaturation.OrderedField.sumTermsK_allZero	-	UNMAPPED
KanSaturation.OrderedField.sumTermsK_append	-	UNMAPPED
KanSaturation.OrderedField.sumTermsK_scale	-	UNMAPPED
KanSaturation.OrderedField.toAdd	-	UNMAPPED
KanSaturation.OrderedField.toIntCast	-	UNMAPPED
KanSaturation.OrderedField.toLE	-	UNMAPPED
KanSaturation.OrderedField.toLT	-	UNMAPPED
KanSaturation.OrderedField.toMul	-	UNMAPPED
KanSaturation.OrderedField.toNeg	-	UNMAPPED
KanSaturation.OrderedField.toOne	-	UNMAPPED
KanSaturation.OrderedField.toSub	-	UNMAPPED
KanSaturation.OrderedField.toZero	-	UNMAPPED
KanSaturation.OrderedField.zero_add	-	UNMAPPED
KanSaturation.OrderedField.zero_mul	-	UNMAPPED
KanSaturation.Var	-	UNMAPPED
KanSaturation.collapse	-	UNMAPPED
KanSaturation.insertTerm	-	UNMAPPED
KanSaturation.insertTerm._f	-	UNMAPPED
KanSaturation.insertTerm.match_1	-	UNMAPPED
KanSaturation.instOrderedFieldRat	-	UNMAPPED
KanSaturation.instOrderedFieldRat._proof_1	-	UNMAPPED
KanSaturation.instOrderedFieldRat._proof_2	-	UNMAPPED
KanSaturation.instOrderedFieldRat._proof_3	-	UNMAPPED
KanSaturation.instOrderedFieldRat._proof_4	-	UNMAPPED
KanSaturation.instOrderedFieldRat._proof_5	-	UNMAPPED
KanSaturation.instOrderedFieldRat._proof_6	-	UNMAPPED
KanSaturation.instOrderedFieldRat._proof_7	-	UNMAPPED
KanSaturation.isZeroCoeff	-	UNMAPPED
KanSaturation.sumTermsK	-	UNMAPPED
KanSaturation.sumTermsK._f	-	UNMAPPED
KanSaturation.sumTermsK.match_1	-	UNMAPPED
LE	-	UNMAPPED
LE.le	-	UNMAPPED
LE.mk	-	UNMAPPED
LT	-	UNMAPPED
LT.lt	-	UNMAPPED
LT.mk	-	UNMAPPED
LawfulBEq	-	UNMAPPED
LawfulBEq.eq_of_beq	-	UNMAPPED
LawfulBEq.mk	-	UNMAPPED
LawfulBEq.toReflBEq	-	UNMAPPED
LawfulGetElem	-	UNMAPPED
LawfulGetElem.mk	-	UNMAPPED
LawfulGetElem.«"getElem!_def"»._autoParam	-	UNMAPPED
LawfulGetElem.«"getElem?_def"»	-	UNMAPPED
LawfulGetElem.«"getElem?_def"»._autoParam	-	UNMAPPED
Lean.Name	-	UNMAPPED
Lean.Name.anonymous	-	UNMAPPED
Lean.Name.mkStr1	-	UNMAPPED
Lean.Name.mkStr2	-	UNMAPPED
Lean.Name.mkStr3	-	UNMAPPED
Lean.Name.mkStr4	-	UNMAPPED
Lean.Name.num	-	UNMAPPED
Lean.Name.rec	-	UNMAPPED
Lean.Name.str	-	UNMAPPED
Lean.Omega.Coeffs	-	NEVER
Lean.Omega.Coeffs.combo	-	NEVER
Lean.Omega.Coeffs.combo_eq_smul_add_smul	-	NEVER
Lean.Omega.Coeffs.dot	-	NEVER
Lean.Omega.Coeffs.dot_distrib_left	-	NEVER
Lean.Omega.Coeffs.dot_sdiv_left	-	NEVER
Lean.Omega.Coeffs.dot_smul_left	-	NEVER
Lean.Omega.Coeffs.gcd	-	NEVER
Lean.Omega.Coeffs.gcd_dvd_dot_left	-	NEVER
Lean.Omega.Coeffs.get	-	NEVER
Lean.Omega.Coeffs.isZero	-	NEVER
Lean.Omega.Coeffs.leading	-	NEVER
Lean.Omega.Coeffs.ofList	-	NEVER
Lean.Omega.Coeffs.sdiv	-	NEVER
Lean.Omega.Coeffs.set	-	NEVER
Lean.Omega.Coeffs.smul	-	NEVER
Lean.Omega.Coeffs.sub_eq_add_neg	-	NEVER
Lean.Omega.Constraint	-	NEVER
Lean.Omega.Constraint.add	-	NEVER
Lean.Omega.Constraint.addEquality_sat	-	NEVER
Lean.Omega.Constraint.addInequality_sat	-	NEVER
Lean.Omega.Constraint.add_sat	-	NEVER
Lean.Omega.Constraint.casesOn	-	NEVER
Lean.Omega.Constraint.combine	-	NEVER
Lean.Omega.Constraint.combine_sat	-	NEVER
Lean.Omega.Constraint.combine_sat'	-	NEVER
Lean.Omega.Constraint.combo	-	NEVER
Lean.Omega.Constraint.combo_sat	-	NEVER
Lean.Omega.Constraint.div	-	NEVER
Lean.Omega.Constraint.div_sat	-	NEVER
Lean.Omega.Constraint.div_sat'	-	NEVER
Lean.Omega.Constraint.flip	-	NEVER
Lean.Omega.Constraint.impossible	-	NEVER
Lean.Omega.Constraint.isImpossible	-	NEVER
Lean.Omega.Constraint.isImpossible._sparseCasesOn_1	-	NEVER
Lean.Omega.Constraint.isImpossible.match_1	-	NEVER
Lean.Omega.Constraint.lowerBound	-	NEVER
Lean.Omega.Constraint.map	-	NEVER
Lean.Omega.Constraint.mk	-	NEVER
Lean.Omega.Constraint.neg	-	NEVER
Lean.Omega.Constraint.neg_sat	-	NEVER
Lean.Omega.Constraint.not_sat'_of_isImpossible	-	NEVER
Lean.Omega.Constraint.not_sat_of_isImpossible	-	NEVER
Lean.Omega.Constraint.rec	-	NEVER
Lean.Omega.Constraint.sat	-	NEVER
Lean.Omega.Constraint.sat'	-	NEVER
Lean.Omega.Constraint.sat'.eq_1	-	NEVER
Lean.Omega.Constraint.scale	-	NEVER
Lean.Omega.Constraint.scale_sat	-	NEVER
Lean.Omega.Constraint.trivial	-	NEVER
Lean.Omega.Constraint.trivial_say	-	NEVER
Lean.Omega.Constraint.upperBound	-	NEVER
Lean.Omega.Decidable.and_not_or_not_and_of_not_iff	-	NEVER
Lean.Omega.Decidable.and_or_not_and_not_of_iff	-	NEVER
Lean.Omega.Decidable.not_iff_iff_and_not_or_not_and	-	NEVER
Lean.Omega.Int.add_congr	-	NEVER
Lean.Omega.Int.add_le_iff_le_sub	-	NEVER
Lean.Omega.Int.add_le_zero_iff_le_neg	-	NEVER
Lean.Omega.Int.add_le_zero_iff_le_neg'	-	NEVER
Lean.Omega.Int.add_nonneg_iff_neg_le	-	NEVER
Lean.Omega.Int.add_nonneg_iff_neg_le'	-	NEVER
Lean.Omega.Int.emod_ofNat_nonneg	-	NEVER
Lean.Omega.Int.le_add_iff_sub_le	-	NEVER
Lean.Omega.Int.le_of_not_lt	-	NEVER
Lean.Omega.Int.lt_of_not_le	-	NEVER
Lean.Omega.Int.mul_congr	-	NEVER
Lean.Omega.Int.neg_congr	-	NEVER
Lean.Omega.Int.ofNat_congr	-	NEVER
Lean.Omega.Int.ofNat_le_of_le	-	NEVER
Lean.Omega.Int.ofNat_lt_of_lt	-	NEVER
Lean.Omega.Int.ofNat_mul_nonneg	-	NEVER
Lean.Omega.Int.ofNat_sub_dichotomy	-	NEVER
Lean.Omega.Int.ofNat_sub_eq_zero	-	NEVER
Lean.Omega.Int.sub_congr	-	NEVER
Lean.Omega.IntList	-	NEVER
Lean.Omega.IntList.add	-	NEVER
Lean.Omega.IntList.add_nil	-	NEVER
Lean.Omega.IntList.combo	-	NEVER
Lean.Omega.IntList.combo_eq_smul_add_smul	-	NEVER
Lean.Omega.IntList.cons_add_cons	-	NEVER
Lean.Omega.IntList.dot	-	NEVER
Lean.Omega.IntList.dot_cons_cons	-	NEVER
Lean.Omega.IntList.dot_distrib_left	-	NEVER
Lean.Omega.IntList.dot_eq_zero_of_left_eq_zero	-	NEVER
Lean.Omega.IntList.dot_mod_gcd_left	-	NEVER
Lean.Omega.IntList.dot_neg_left	-	NEVER
Lean.Omega.IntList.dot_nil_right	-	NEVER
Lean.Omega.IntList.dot_of_left_zero	-	NEVER
Lean.Omega.IntList.dot_sdiv_left	-	NEVER
Lean.Omega.IntList.dot_set_left	-	NEVER
Lean.Omega.IntList.dot_smul_left	-	NEVER
Lean.Omega.IntList.dvd_gcd	-	NEVER
Lean.Omega.IntList.gcd	-	NEVER
Lean.Omega.IntList.gcd_cons_div_left	-	NEVER
Lean.Omega.IntList.gcd_cons_div_right	-	NEVER
Lean.Omega.IntList.gcd_cons_div_right'	-	NEVER
Lean.Omega.IntList.gcd_dvd	-	NEVER
Lean.Omega.IntList.gcd_dvd_dot_left	-	NEVER
Lean.Omega.IntList.gcd_eq_iff	-	NEVER
Lean.Omega.IntList.gcd_eq_zero	-	NEVER
Lean.Omega.IntList.get	-	NEVER
Lean.Omega.IntList.get_cons_succ	-	NEVER
Lean.Omega.IntList.get_cons_zero	-	NEVER
Lean.Omega.IntList.instAdd	-	NEVER
Lean.Omega.IntList.instHMulInt	-	NEVER
Lean.Omega.IntList.instMul	-	NEVER
Lean.Omega.IntList.instNeg	-	NEVER
Lean.Omega.IntList.instSub	-	NEVER
Lean.Omega.IntList.leading	-	NEVER
Lean.Omega.IntList.mul	-	NEVER
Lean.Omega.IntList.mul_distrib_left	-	NEVER
Lean.Omega.IntList.mul_neg_left	-	NEVER
Lean.Omega.IntList.mul_nil_right	-	NEVER
Lean.Omega.IntList.mul_smul_left	-	NEVER
Lean.Omega.IntList.neg	-	NEVER
Lean.Omega.IntList.nil_add	-	NEVER
Lean.Omega.IntList.sdiv	-	NEVER
Lean.Omega.IntList.set	-	NEVER
Lean.Omega.IntList.set._f	-	NEVER
Lean.Omega.IntList.set.match_1	-	NEVER
Lean.Omega.IntList.smul	-	NEVER
Lean.Omega.IntList.sub	-	NEVER
Lean.Omega.IntList.sub_eq_add_neg	-	NEVER
Lean.Omega.IntList.sum	-	NEVER
Lean.Omega.IntList.sum_add	-	NEVER
Lean.Omega.IntList.sum_neg	-	NEVER
Lean.Omega.IntList.sum_smul	-	NEVER
Lean.Omega.LinearCombo	-	NEVER
Lean.Omega.LinearCombo.add	-	NEVER
Lean.Omega.LinearCombo.add_eval	-	NEVER
Lean.Omega.LinearCombo.casesOn	-	NEVER
Lean.Omega.LinearCombo.coeffs	-	NEVER
Lean.Omega.LinearCombo.const	-	NEVER
Lean.Omega.LinearCombo.coordinate	-	NEVER
Lean.Omega.LinearCombo.coordinate_eval	-	NEVER
Lean.Omega.LinearCombo.coordinate_eval_0	-	NEVER
Lean.Omega.LinearCombo.coordinate_eval_1	-	NEVER
Lean.Omega.LinearCombo.coordinate_eval_2	-	NEVER
Lean.Omega.LinearCombo.coordinate_eval_3	-	NEVER
Lean.Omega.LinearCombo.coordinate_eval_4	-	NEVER
Lean.Omega.LinearCombo.coordinate_eval_5	-	NEVER
Lean.Omega.LinearCombo.coordinate_eval_6	-	NEVER
Lean.Omega.LinearCombo.eval	-	NEVER
Lean.Omega.LinearCombo.ext	-	NEVER
Lean.Omega.LinearCombo.instAdd	-	NEVER
Lean.Omega.LinearCombo.instHMulInt	-	NEVER
Lean.Omega.LinearCombo.instNeg	-	NEVER
Lean.Omega.LinearCombo.instSub	-	NEVER
Lean.Omega.LinearCombo.mk	-	NEVER
Lean.Omega.LinearCombo.mul	-	NEVER
Lean.Omega.LinearCombo.mul_eval	-	NEVER
Lean.Omega.LinearCombo.mul_eval_of_const_left	-	NEVER
Lean.Omega.LinearCombo.mul_eval_of_const_right	-	NEVER
Lean.Omega.LinearCombo.neg	-	NEVER
Lean.Omega.LinearCombo.neg_eval	-	NEVER
Lean.Omega.LinearCombo.rec	-	NEVER
Lean.Omega.LinearCombo.smul	-	NEVER
Lean.Omega.LinearCombo.sub	-	NEVER
Lean.Omega.LinearCombo.sub_eq_add_neg	-	NEVER
Lean.Omega.LinearCombo.sub_eval	-	NEVER
Lean.Omega.LowerBound	-	NEVER
Lean.Omega.LowerBound.sat	-	NEVER
Lean.Omega.UpperBound	-	NEVER
Lean.Omega.UpperBound.sat	-	NEVER
Lean.Omega.and_not_not_of_not_or	-	NEVER
Lean.Omega.combo_sat'	-	NEVER
Lean.Omega.normalize	-	NEVER
Lean.Omega.normalizeCoeffs	-	NEVER
Lean.Omega.normalizeConstraint	-	NEVER
Lean.Omega.normalize_sat	-	NEVER
Lean.Omega.positivize	-	NEVER
Lean.Omega.positivizeCoeffs	-	NEVER
Lean.Omega.positivizeConstraint	-	NEVER
Lean.Omega.positivize_sat	-	NEVER
Lean.Omega.tidy	-	NEVER
Lean.Omega.tidyCoeffs	-	NEVER
Lean.Omega.tidyConstraint	-	NEVER
Lean.Omega.tidy_sat	-	NEVER
Lean.Omega.«"normalize?"»	-	NEVER
Lean.Omega.«"normalize?"».match_1	-	NEVER
Lean.Omega.«"normalize?_eq_some"»	-	NEVER
Lean.Omega.«"positivize?"»	-	NEVER
Lean.Omega.«"positivize?_eq_some"»	-	NEVER
Lean.Omega.«"tidy?"»	-	NEVER
Lean.Omega.«"tidy?"».match_1	-	NEVER
Lean.ParserDescr	-	UNMAPPED
Lean.ParserDescr.binary	-	UNMAPPED
Lean.ParserDescr.cat	-	UNMAPPED
Lean.ParserDescr.const	-	UNMAPPED
Lean.ParserDescr.node	-	UNMAPPED
Lean.ParserDescr.nodeWithAntiquot	-	UNMAPPED
Lean.ParserDescr.nonReservedSymbol	-	UNMAPPED
Lean.ParserDescr.parser	-	UNMAPPED
Lean.ParserDescr.rec	-	UNMAPPED
Lean.ParserDescr.sepBy	-	UNMAPPED
Lean.ParserDescr.sepBy1	-	UNMAPPED
Lean.ParserDescr.symbol	-	UNMAPPED
Lean.ParserDescr.trailingNode	-	UNMAPPED
Lean.ParserDescr.unary	-	UNMAPPED
Lean.ParserDescr.unicodeSymbol	-	UNMAPPED
Lean.SourceInfo	-	UNMAPPED
Lean.SourceInfo.none	-	UNMAPPED
Lean.SourceInfo.original	-	UNMAPPED
Lean.SourceInfo.synthetic	-	UNMAPPED
Lean.Syntax	-	UNMAPPED
Lean.Syntax.Preresolved	-	UNMAPPED
Lean.Syntax.Preresolved.decl	-	UNMAPPED
Lean.Syntax.Preresolved.namespace	-	UNMAPPED
Lean.Syntax.atom	-	UNMAPPED
Lean.Syntax.ident	-	UNMAPPED
Lean.Syntax.missing	-	UNMAPPED
Lean.Syntax.node	-	UNMAPPED
Lean.Syntax.rec	-	UNMAPPED
Lean.Syntax.rec_1	-	UNMAPPED
Lean.Syntax.rec_2	-	UNMAPPED
Lean.SyntaxNodeKind	-	UNMAPPED
Lean.TrailingParserDescr	-	UNMAPPED
Lean.injEq_helper	-	UNMAPPED
Lean.mkAtom	-	UNMAPPED
List	-	UNMAPPED
List.Mem	-	UNMAPPED
List.Mem.casesOn	-	UNMAPPED
List.Mem.head	-	UNMAPPED
List.Mem.rec	-	UNMAPPED
List.Mem.tail	-	UNMAPPED
List.all	-	UNMAPPED
List.all._f	-	UNMAPPED
List.any.match_1	-	UNMAPPED
List.append	-	UNMAPPED
List.append._f	-	UNMAPPED
List.append.match_1	-	UNMAPPED
List.below	-	UNMAPPED
List.brecOn	-	UNMAPPED
List.brecOn.eq	-	UNMAPPED
List.brecOn.go	-	UNMAPPED
List.casesOn	-	UNMAPPED
List.concat	-	UNMAPPED
List.concat._f	-	UNMAPPED
List.concat.match_1	-	UNMAPPED
List.cons	-	UNMAPPED
List.cons.inj	-	UNMAPPED
List.cons.injEq	-	UNMAPPED
List.cons.noConfusion	-	UNMAPPED
List.ctorIdx	-	UNMAPPED
List.decidableBAll	-	UNMAPPED
List.decidableBAll._f	-	UNMAPPED
List.decidableBAll.match_1	-	UNMAPPED
List.decidableBAll.match_3	-	UNMAPPED
List.decidableBAll.match_5	-	UNMAPPED
List.filter.match_1	-	UNMAPPED
List.flatMap	-	UNMAPPED
List.flatten	-	UNMAPPED
List.flatten._f	-	UNMAPPED
List.flatten.match_1	-	UNMAPPED
List.foldr	-	UNMAPPED
List.foldr._f	-	UNMAPPED
List.get	-	UNMAPPED
List.get._f	-	UNMAPPED
List.get._proof_1	-	UNMAPPED
List.get.match_1	-	UNMAPPED
List.getD	-	UNMAPPED
List.instAppend	-	UNMAPPED
List.instGetElemNatLtLength	-	UNMAPPED
List.instLawfulGetElemNatLtLength	-	UNMAPPED
List.instMembership	-	UNMAPPED
List.length	-	UNMAPPED
List.length._f	-	UNMAPPED
List.map	-	UNMAPPED
List.map._f	-	UNMAPPED
List.nil	-	UNMAPPED
List.noConfusion	-	UNMAPPED
List.noConfusionType	-	UNMAPPED
List.rec	-	UNMAPPED
List.toByteArray	-	UNMAPPED
List.toByteArray.loop	-	UNMAPPED
List.toByteArray.loop._f	-	UNMAPPED
List.toByteArray.match_1	-	UNMAPPED
List.utf8Encode	-	UNMAPPED
List.zipWith	-	UNMAPPED
List.zipWith._f	-	UNMAPPED
List.zipWith.eq_2	-	UNMAPPED
List.zipWith.eq_def	-	UNMAPPED
List.zipWith.match_1	-	UNMAPPED
List.zipWithAll	-	UNMAPPED
List.zipWithAll._f	-	UNMAPPED
List.zipWithAll.match_1	-	UNMAPPED
List.zipWithAll_nil	-	UNMAPPED
List.zipWith_nil_right	-	UNMAPPED
List.«"find?"»	-	UNMAPPED
List.«"find?"»._f	-	UNMAPPED
List.«"get!Internal"»	-	UNMAPPED
List.«"get!Internal"»._f	-	UNMAPPED
List.«"get?Internal"»	-	UNMAPPED
List.«"get?Internal"»._f	-	UNMAPPED
List.«"get?Internal"»._sparseCasesOn_1	-	UNMAPPED
List.«"get?Internal"».match_1	-	UNMAPPED
List.«"getElem?_eq_getElem"»	-	UNMAPPED
List.«"getElem?_eq_none_iff"»	-	UNMAPPED
List.«"getElem?_eq_none_iff"»._f	-	UNMAPPED
List.«"getLast?"».match_1	-	UNMAPPED
List.«"instGetElem?NatLtLength"»	-	UNMAPPED
Max	-	UNMAPPED
Max.max	-	UNMAPPED
Max.mk	-	UNMAPPED
Membership	-	UNMAPPED
Membership.mem	-	UNMAPPED
Membership.mk	-	UNMAPPED
Min	-	UNMAPPED
Min.min	-	UNMAPPED
Min.mk	-	UNMAPPED
Mod	-	UNMAPPED
Mod.mk	-	UNMAPPED
Mod.mod	-	UNMAPPED
Mul	-	UNMAPPED
Mul.mk	-	UNMAPPED
Mul.mul	-	UNMAPPED
Nat	MechNat	NAME_ONLY
Nat.Coprime	-	UNMAPPED
Nat.Coprime.coprime_div_left	-	UNMAPPED
Nat.Coprime.coprime_div_right	-	UNMAPPED
Nat.Coprime.coprime_dvd_left	-	UNMAPPED
Nat.Coprime.coprime_mul_left	-	UNMAPPED
Nat.Coprime.coprime_mul_right	-	UNMAPPED
Nat.Coprime.dvd_of_dvd_mul_left	-	UNMAPPED
Nat.Coprime.dvd_of_dvd_mul_right	-	UNMAPPED
Nat.Coprime.eq_1	-	UNMAPPED
Nat.Coprime.gcd_eq_one	-	UNMAPPED
Nat.Coprime.gcd_mul_left_cancel	-	UNMAPPED
Nat.Coprime.gcd_mul_left_cancel_right	-	UNMAPPED
Nat.Coprime.mul_left	-	UNMAPPED
Nat.Coprime.symm	-	UNMAPPED
Nat.Simproc.add_sub_add_le	-	UNMAPPED
Nat.add	-	UNMAPPED
Nat.add._f	-	UNMAPPED
Nat.add.match_1	-	UNMAPPED
Nat.add_assoc	-	UNMAPPED
Nat.add_assoc._f	-	UNMAPPED
Nat.add_comm	-	UNMAPPED
Nat.add_comm._f	-	UNMAPPED
Nat.add_div_right	-	UNMAPPED
Nat.add_eq_right	-	UNMAPPED
Nat.add_eq_zero_iff	-	UNMAPPED
Nat.add_eq_zero_iff._simp_1	-	UNMAPPED
Nat.add_le_add_iff_right	-	UNMAPPED
Nat.add_le_add_left	-	UNMAPPED
Nat.add_le_add_right	-	UNMAPPED
Nat.add_le_of_le_sub	-	UNMAPPED
Nat.add_left_cancel	-	UNMAPPED
Nat.add_left_cancel_iff	-	UNMAPPED
Nat.add_left_cancel_iff._simp_1	-	UNMAPPED
Nat.add_left_comm	-	UNMAPPED
Nat.add_lt_add_left	-	UNMAPPED
Nat.add_lt_add_right	-	UNMAPPED
Nat.add_mod_left	-	UNMAPPED
Nat.add_mod_right	-	UNMAPPED
Nat.add_mul	-	UNMAPPED
Nat.add_mul_div_left	-	UNMAPPED
Nat.add_mul_div_right	-	UNMAPPED
Nat.add_mul_mod_self_left	-	UNMAPPED
Nat.add_mul_mod_self_left._f	-	UNMAPPED
Nat.add_one_mul	-	UNMAPPED
Nat.add_one_ne_zero	-	UNMAPPED
Nat.add_pos_right	-	UNMAPPED
Nat.add_right_cancel	-	UNMAPPED
Nat.add_right_cancel_iff	-	UNMAPPED
Nat.add_right_cancel_iff._simp_1	-	UNMAPPED
Nat.add_right_comm	-	UNMAPPED
Nat.add_sub_add_left	-	UNMAPPED
Nat.add_sub_add_right	-	UNMAPPED
Nat.add_sub_assoc	-	UNMAPPED
Nat.add_sub_cancel	-	UNMAPPED
Nat.add_sub_cancel_left	-	UNMAPPED
Nat.add_sub_of_le	-	UNMAPPED
Nat.add_succ	-	UNMAPPED
Nat.add_zero	-	UNMAPPED
Nat.below	-	UNMAPPED
Nat.beq	-	UNMAPPED
Nat.beq._f	-	UNMAPPED
Nat.beq.match_1	-	UNMAPPED
Nat.bitwise	-	UNMAPPED
Nat.bitwise._unary	-	UNMAPPED
Nat.bitwise_rec_lemma	-	UNMAPPED
Nat.ble	-	UNMAPPED
Nat.ble._f	-	UNMAPPED
Nat.ble.match_1	-	UNMAPPED
Nat.ble_eq_true_of_le	-	UNMAPPED
Nat.ble_self_eq_true	-	UNMAPPED
Nat.ble_self_eq_true._f	-	UNMAPPED
Nat.ble_succ_eq_true	-	UNMAPPED
Nat.ble_succ_eq_true._f	-	UNMAPPED
Nat.brecOn	-	UNMAPPED
Nat.brecOn.go	-	UNMAPPED
Nat.casesAuxOn	-	UNMAPPED
Nat.casesOn	-	UNMAPPED
Nat.cast	-	UNMAPPED
Nat.coprime_comm	-	UNMAPPED
Nat.coprime_div_gcd_div_gcd	-	UNMAPPED
Nat.coprime_iff_gcd_eq_one	-	UNMAPPED
Nat.coprime_mul_iff_left	-	UNMAPPED
Nat.coprime_mul_iff_right	-	UNMAPPED
Nat.coprime_one_right	-	UNMAPPED
Nat.coprime_zero_left	-	UNMAPPED
Nat.coprime_zero_left._simp_1	-	UNMAPPED
Nat.ctorIdx	-	UNMAPPED
Nat.decEq	-	UNMAPPED
Nat.decEq.match_1	-	UNMAPPED
Nat.decLe	-	UNMAPPED
Nat.decLt	-	UNMAPPED
Nat.decidable_dvd	-	UNMAPPED
Nat.decidable_dvd._proof_1	-	UNMAPPED
Nat.digitChar	-	UNMAPPED
Nat.div	-	UNMAPPED
Nat.div.go	-	UNMAPPED
Nat.div.go._f	-	UNMAPPED
Nat.div.go.eq_1	-	UNMAPPED
Nat.div.go.match_1	-	UNMAPPED
Nat.div.inductionOn	-	UNMAPPED
Nat.div.inductionOn._unary	-	UNMAPPED
Nat.div.inductionOn._unary._proof_1	-	UNMAPPED
Nat.divExact	-	UNMAPPED
Nat.div_add_mod	-	UNMAPPED
Nat.div_add_mod._unary	-	UNMAPPED
Nat.div_div_eq_div_mul	-	UNMAPPED
Nat.div_eq	-	UNMAPPED
Nat.div_eq_iff	-	UNMAPPED
Nat.div_eq_of_lt	-	UNMAPPED
Nat.div_eq_of_lt_le	-	UNMAPPED
Nat.div_eq_sub_div	-	UNMAPPED
Nat.div_eq_zero_iff_lt	-	UNMAPPED
Nat.div_gcd_pos_of_pos_left	-	UNMAPPED
Nat.div_gcd_pos_of_pos_right	-	UNMAPPED
Nat.div_le_iff_le_mul	-	UNMAPPED
Nat.div_le_self	-	UNMAPPED
Nat.div_lt_iff_lt_mul	-	UNMAPPED
Nat.div_lt_self	-	UNMAPPED
Nat.div_mul_cancel	-	UNMAPPED
Nat.div_mul_le_self	-	UNMAPPED
Nat.div_mul_self_eq_mod_sub_self	-	UNMAPPED
Nat.div_one	-	UNMAPPED
Nat.div_rec_fuel_lemma	-	UNMAPPED
Nat.div_rec_lemma	-	UNMAPPED
Nat.div_self	-	UNMAPPED
Nat.div_zero	-	UNMAPPED
Nat.dvd_add	-	UNMAPPED
Nat.dvd_add_iff_left	-	UNMAPPED
Nat.dvd_add_iff_right	-	UNMAPPED
Nat.dvd_antisymm	-	UNMAPPED
Nat.dvd_gcd	-	UNMAPPED
Nat.dvd_iff_mod_eq_zero	-	UNMAPPED
Nat.dvd_mod_iff	-	UNMAPPED
Nat.dvd_mul_left	-	UNMAPPED
Nat.dvd_mul_right	-	UNMAPPED
Nat.dvd_of_mod_eq_zero	-	UNMAPPED
Nat.dvd_refl	-	UNMAPPED
Nat.dvd_trans	-	UNMAPPED
Nat.dvd_zero	-	UNMAPPED
Nat.dvd_zero._simp_1	-	UNMAPPED
Nat.emod_pos_of_not_dvd	-	UNMAPPED
Nat.eq_add_of_sub_eq	-	UNMAPPED
Nat.eq_iff_le_and_ge	-	UNMAPPED
Nat.eq_of_beq_eq_true	-	UNMAPPED
Nat.eq_of_beq_eq_true._f	-	UNMAPPED
Nat.eq_of_mul_eq_mul_left	-	UNMAPPED
Nat.eq_of_mul_eq_mul_right	-	UNMAPPED
Nat.eq_one_of_dvd_one	-	UNMAPPED
Nat.eq_or_lt_of_le	-	UNMAPPED
Nat.eq_or_lt_of_le._f	-	UNMAPPED
Nat.eq_or_lt_of_le.match_1	-	UNMAPPED
Nat.eq_or_lt_of_le.match_3	-	UNMAPPED
Nat.eq_zero_of_add_eq_zero	-	UNMAPPED
Nat.eq_zero_of_add_eq_zero_left	-	UNMAPPED
Nat.eq_zero_of_gcd_eq_zero_left	-	UNMAPPED
Nat.eq_zero_of_gcd_eq_zero_right	-	UNMAPPED
Nat.eq_zero_of_zero_dvd	-	UNMAPPED
Nat.eq_zero_or_pos	-	UNMAPPED
Nat.gcd	-	UNMAPPED
Nat.gcd._unary	-	UNMAPPED
Nat.gcd.induction	-	UNMAPPED
Nat.gcd_assoc	-	UNMAPPED
Nat.gcd_comm	-	UNMAPPED
Nat.gcd_div	-	UNMAPPED
Nat.gcd_dvd	-	UNMAPPED
Nat.gcd_dvd_gcd_mul_left_left	-	UNMAPPED
Nat.gcd_dvd_gcd_of_dvd_left	-	UNMAPPED
Nat.gcd_dvd_left	-	UNMAPPED
Nat.gcd_dvd_right	-	UNMAPPED
Nat.gcd_le_left	-	UNMAPPED
Nat.gcd_le_right	-	UNMAPPED
Nat.gcd_mul_left	-	UNMAPPED
Nat.gcd_mul_right	-	UNMAPPED
Nat.gcd_ne_zero_left	-	UNMAPPED
Nat.gcd_ne_zero_right	-	UNMAPPED
Nat.gcd_one_left	-	UNMAPPED
Nat.gcd_one_right	-	UNMAPPED
Nat.gcd_pos_of_pos_left	-	UNMAPPED
Nat.gcd_pos_of_pos_right	-	UNMAPPED
Nat.gcd_rec	-	UNMAPPED
Nat.gcd_self	-	UNMAPPED
Nat.gcd_succ	-	UNMAPPED
Nat.gcd_zero_left	-	UNMAPPED
Nat.gcd_zero_right	-	UNMAPPED
Nat.ge_of_not_lt	-	UNMAPPED
Nat.gt_of_not_le	-	UNMAPPED
Nat.hasNotBit	-	UNMAPPED
Nat.instDecidableCoprime	-	UNMAPPED
Nat.instDiv	-	UNMAPPED
Nat.instDvd	-	UNMAPPED
Nat.instLawfulBEq	-	UNMAPPED
Nat.instMod	-	UNMAPPED
Nat.isValidChar	-	UNMAPPED
Nat.land	-	UNMAPPED
Nat.le	-	UNMAPPED
Nat.le.below	-	UNMAPPED
Nat.le.below.casesOn	-	UNMAPPED
Nat.le.below.rec	-	UNMAPPED
Nat.le.below.refl	-	UNMAPPED
Nat.le.below.step	-	UNMAPPED
Nat.le.brecOn	-	UNMAPPED
Nat.le.casesOn	-	UNMAPPED
Nat.le.dest	-	UNMAPPED
Nat.le.dest._f	-	UNMAPPED
Nat.le.intro	-	UNMAPPED
Nat.le.rec	-	UNMAPPED
Nat.le.refl	-	UNMAPPED
Nat.le.step	-	UNMAPPED
Nat.le_add_left	-	UNMAPPED
Nat.le_add_left._simp_1	-	UNMAPPED
Nat.le_add_right	-	UNMAPPED
Nat.le_add_right._f	-	UNMAPPED
Nat.le_antisymm	-	UNMAPPED
Nat.le_antisymm_iff	-	UNMAPPED
Nat.le_div_iff_mul_le	-	UNMAPPED
Nat.le_iff_lt_add_one	-	UNMAPPED
Nat.le_of_add_le_add_left	-	UNMAPPED
Nat.le_of_add_le_add_right	-	UNMAPPED
Nat.le_of_ble_eq_true	-	UNMAPPED
Nat.le_of_ble_eq_true._f	-	UNMAPPED
Nat.le_of_dvd	-	UNMAPPED
Nat.le_of_eq	-	UNMAPPED
Nat.le_of_lt	-	UNMAPPED
Nat.le_of_lt_add_one	-	UNMAPPED
Nat.le_of_lt_succ	-	UNMAPPED
Nat.le_of_mul_le_mul_left	-	UNMAPPED
Nat.le_of_not_lt	-	UNMAPPED
Nat.le_of_sub_eq_zero	-	UNMAPPED
Nat.le_of_sub_eq_zero._f	-	UNMAPPED
Nat.le_of_sub_le_sub_right	-	UNMAPPED
Nat.le_of_sub_le_sub_right._f	-	UNMAPPED
Nat.le_of_succ_le	-	UNMAPPED
Nat.le_of_succ_le_succ	-	UNMAPPED
Nat.le_refl	-	UNMAPPED
Nat.le_succ	-	UNMAPPED
Nat.le_succ_of_le	-	UNMAPPED
Nat.le_trans	-	UNMAPPED
Nat.le_zero_eq	-	UNMAPPED
Nat.left_distrib	-	UNMAPPED
Nat.lt	-	UNMAPPED
Nat.lt_add_one	-	UNMAPPED
Nat.lt_add_one._simp_1	-	UNMAPPED
Nat.lt_irrefl	-	UNMAPPED
Nat.lt_irrefl._simp_1	-	UNMAPPED
Nat.lt_of_div_eq_zero	-	UNMAPPED
Nat.lt_of_le_of_lt	-	UNMAPPED
Nat.lt_of_lt_of_le	-	UNMAPPED
Nat.lt_of_not_le	-	UNMAPPED
Nat.lt_of_sub_eq_succ	-	UNMAPPED
Nat.lt_of_sub_ne_zero	-	UNMAPPED
Nat.lt_of_sub_pos	-	UNMAPPED
Nat.lt_of_succ_le	-	UNMAPPED
Nat.lt_of_succ_lt_succ	-	UNMAPPED
Nat.lt_or_ge	-	UNMAPPED
Nat.lt_or_ge._f	-	UNMAPPED
Nat.lt_or_gt_of_ne	-	UNMAPPED
Nat.lt_succ_of_le	-	UNMAPPED
Nat.lt_succ_of_lt	-	UNMAPPED
Nat.lt_succ_self	-	UNMAPPED
Nat.lt_trans	-	UNMAPPED
Nat.lt_trichotomy	-	UNMAPPED
Nat.lt_wfRel	-	UNMAPPED
Nat.lt_wfRel._proof_3	-	UNMAPPED
Nat.mod	-	UNMAPPED
Nat.mod.eq_2	-	UNMAPPED
Nat.mod.inductionOn	-	UNMAPPED
Nat.mod.match_1	-	UNMAPPED
Nat.modCore	-	UNMAPPED
Nat.modCore.go	-	UNMAPPED
Nat.modCore.go._f	-	UNMAPPED
Nat.modCore.go.eq_1	-	UNMAPPED
Nat.modCoreGo_lt	-	UNMAPPED
Nat.modCore_eq	-	UNMAPPED
Nat.modCore_eq_mod	-	UNMAPPED
Nat.modCore_lt	-	UNMAPPED
Nat.mod_add_div	-	UNMAPPED
Nat.mod_def	-	UNMAPPED
Nat.mod_eq	-	UNMAPPED
Nat.mod_eq_iff	-	UNMAPPED
Nat.mod_eq_of_lt	-	UNMAPPED
Nat.mod_eq_sub_div_mul	-	UNMAPPED
Nat.mod_eq_sub_mod	-	UNMAPPED
Nat.mod_eq_sub_mul_div	-	UNMAPPED
Nat.mod_eq_zero_of_dvd	-	UNMAPPED
Nat.mod_lt	-	UNMAPPED
Nat.mod_one	-	UNMAPPED
Nat.mod_self	-	UNMAPPED
Nat.mod_zero	-	UNMAPPED
Nat.mul	-	UNMAPPED
Nat.mul._f	-	UNMAPPED
Nat.mul.match_1	-	UNMAPPED
Nat.mul_add	-	UNMAPPED
Nat.mul_add_mod	-	UNMAPPED
Nat.mul_add_mod._f	-	UNMAPPED
Nat.mul_assoc	-	UNMAPPED
Nat.mul_assoc._f	-	UNMAPPED
Nat.mul_comm	-	UNMAPPED
Nat.mul_comm._f	-	UNMAPPED
Nat.mul_div_cancel	-	UNMAPPED
Nat.mul_div_cancel'	-	UNMAPPED
Nat.mul_div_cancel_left	-	UNMAPPED
Nat.mul_div_mul_left	-	UNMAPPED
Nat.mul_div_right	-	UNMAPPED
Nat.mul_eq_zero	-	UNMAPPED
Nat.mul_le_mul_left	-	UNMAPPED
Nat.mul_left_comm	-	UNMAPPED
Nat.mul_lt_mul_of_pos_left	-	UNMAPPED
Nat.mul_mod_mul_left	-	UNMAPPED
Nat.mul_mod_right	-	UNMAPPED
Nat.mul_ne_zero	-	UNMAPPED
Nat.mul_ne_zero_iff	-	UNMAPPED
Nat.mul_one	-	UNMAPPED
Nat.mul_pos	-	UNMAPPED
Nat.mul_right_comm	-	UNMAPPED
Nat.mul_sub_div	-	UNMAPPED
Nat.mul_sub_left_distrib	-	UNMAPPED
Nat.mul_sub_right_distrib	-	UNMAPPED
Nat.mul_succ	-	UNMAPPED
Nat.mul_zero	-	UNMAPPED
Nat.ne_of_beq_eq_false	-	UNMAPPED
Nat.ne_of_beq_eq_false._f	-	UNMAPPED
Nat.ne_of_gt	-	UNMAPPED
Nat.ne_of_lt	-	UNMAPPED
Nat.noConfusion	-	UNMAPPED
Nat.noConfusionType	-	UNMAPPED
Nat.not_le	-	UNMAPPED
Nat.not_le_of_gt	-	UNMAPPED
Nat.not_le_of_not_ble_eq_true	-	UNMAPPED
Nat.not_lt	-	UNMAPPED
Nat.not_lt._simp_1	-	UNMAPPED
Nat.not_lt_zero	-	UNMAPPED
Nat.not_succ_le_self	-	UNMAPPED
Nat.not_succ_le_self._f	-	UNMAPPED
Nat.not_succ_le_zero	-	UNMAPPED
Nat.one_dvd	-	UNMAPPED
Nat.one_mul	-	UNMAPPED
Nat.one_ne_zero	-	UNMAPPED
Nat.one_pos	-	UNMAPPED
Nat.pos_iff_ne_zero	-	UNMAPPED
Nat.pos_of_dvd_of_pos	-	UNMAPPED
Nat.pos_of_ne_zero	-	UNMAPPED
Nat.pow	-	UNMAPPED
Nat.pow._f	-	UNMAPPED
Nat.pow.match_1	-	UNMAPPED
Nat.pow_pos	-	UNMAPPED
Nat.pow_pos._f	-	UNMAPPED
Nat.pred	-	UNMAPPED
Nat.pred_le	-	UNMAPPED
Nat.pred_le_pred	-	UNMAPPED
Nat.pred_mul	-	UNMAPPED
Nat.pred_succ	-	UNMAPPED
Nat.rec	-	UNMAPPED
Nat.recAux	-	UNMAPPED
Nat.repr	-	UNMAPPED
Nat.right_distrib	-	UNMAPPED
Nat.right_eq_add	-	UNMAPPED
Nat.shiftLeft.match_1	-	UNMAPPED
Nat.shiftRight	-	UNMAPPED
Nat.shiftRight._f	-	UNMAPPED
Nat.strongRecOn	-	UNMAPPED
Nat.sub	-	UNMAPPED
Nat.sub._f	-	UNMAPPED
Nat.sub_add_cancel	-	UNMAPPED
Nat.sub_eq_iff_eq_add	-	UNMAPPED
Nat.sub_eq_iff_eq_add'	-	UNMAPPED
Nat.sub_eq_of_eq_add	-	UNMAPPED
Nat.sub_eq_zero_of_le	-	UNMAPPED
Nat.sub_le	-	UNMAPPED
Nat.sub_le_sub_iff_right	-	UNMAPPED
Nat.sub_le_sub_left	-	UNMAPPED
Nat.sub_le_sub_right	-	UNMAPPED
Nat.sub_le_sub_right._f	-	UNMAPPED
Nat.sub_lt	-	UNMAPPED
Nat.sub_mul_div_of_le	-	UNMAPPED
Nat.sub_ne_zero_of_lt	-	UNMAPPED
Nat.sub_ne_zero_of_lt._f	-	UNMAPPED
Nat.sub_one_add_one_eq_of_pos	-	UNMAPPED
Nat.sub_pos_of_lt	-	UNMAPPED
Nat.sub_self	-	UNMAPPED
Nat.sub_self._f	-	UNMAPPED
Nat.sub_self_add	-	UNMAPPED
Nat.sub_sub	-	UNMAPPED
Nat.sub_succ	-	UNMAPPED
Nat.sub_zero	-	UNMAPPED
Nat.succ	mechSucc	NAME_ONLY
Nat.succ.inj	-	UNMAPPED
Nat.succ.injEq	-	UNMAPPED
Nat.succ_add	-	UNMAPPED
Nat.succ_add._f	-	UNMAPPED
Nat.succ_div	-	UNMAPPED
Nat.succ_div_of_dvd	-	UNMAPPED
Nat.succ_div_of_mod_eq_zero	-	UNMAPPED
Nat.succ_div_of_mod_ne_zero	-	UNMAPPED
Nat.succ_div_of_not_dvd	-	UNMAPPED
Nat.succ_eq_add_one	-	UNMAPPED
Nat.succ_le_of_lt	-	UNMAPPED
Nat.succ_le_succ	-	UNMAPPED
Nat.succ_mod_succ_eq_zero_iff	-	UNMAPPED
Nat.succ_mul	-	UNMAPPED
Nat.succ_ne_self	-	UNMAPPED
Nat.succ_ne_self._simp_1	-	UNMAPPED
Nat.succ_ne_zero	-	UNMAPPED
Nat.succ_pos	-	UNMAPPED
Nat.succ_pred	-	UNMAPPED
Nat.succ_pred_eq_of_pos	-	UNMAPPED
Nat.succ_sub_succ	-	UNMAPPED
Nat.succ_sub_succ_eq_sub	-	UNMAPPED
Nat.toDigits	-	UNMAPPED
Nat.toDigitsCore	-	UNMAPPED
Nat.toDigitsCore._f	-	UNMAPPED
Nat.zero	mechZero	NAME_ONLY
Nat.zero_add	-	UNMAPPED
Nat.zero_add._f	-	UNMAPPED
Nat.zero_div	-	UNMAPPED
Nat.zero_le	-	UNMAPPED
Nat.zero_le._f	-	UNMAPPED
Nat.zero_le._simp_1	-	UNMAPPED
Nat.zero_lt_of_ne_zero	-	UNMAPPED
Nat.zero_lt_one	-	UNMAPPED
Nat.zero_lt_succ	-	UNMAPPED
Nat.zero_lt_succ._simp_1	-	UNMAPPED
Nat.zero_lt_two	-	UNMAPPED
Nat.zero_mod	-	UNMAPPED
Nat.zero_mul	-	UNMAPPED
Nat.zero_mul._f	-	UNMAPPED
Nat.zero_sub	-	UNMAPPED
NatCast	-	UNMAPPED
NatCast.mk	-	UNMAPPED
NatCast.natCast	-	UNMAPPED
NatPow	-	UNMAPPED
NatPow.mk	-	UNMAPPED
NatPow.pow	-	UNMAPPED
Ne	-	UNMAPPED
Ne.eq_1	-	UNMAPPED
Ne.symm	-	UNMAPPED
Neg	-	UNMAPPED
Neg.mk	-	UNMAPPED
Neg.neg	-	UNMAPPED
Nonempty	-	UNMAPPED
Nonempty.casesOn	-	UNMAPPED
Nonempty.elim	-	UNMAPPED
Nonempty.intro	-	UNMAPPED
Nonempty.rec	-	UNMAPPED
Not	-	UNMAPPED
Not.elim	-	UNMAPPED
Not.imp	-	UNMAPPED
OfNat	-	UNMAPPED
OfNat.mk	-	UNMAPPED
OfNat.ofNat	-	UNMAPPED
One	-	UNMAPPED
One.mk	-	UNMAPPED
One.ofOfNat1	-	UNMAPPED
One.one	-	UNMAPPED
One.toOfNat1	-	UNMAPPED
Option	-	UNMAPPED
Option.all	-	UNMAPPED
Option.bind	-	UNMAPPED
Option.bind.match_1	-	UNMAPPED
Option.casesOn	-	UNMAPPED
Option.ctorIdx	-	UNMAPPED
Option.getD	-	UNMAPPED
Option.getD.match_1	-	UNMAPPED
Option.isSome.match_1	-	UNMAPPED
Option.map	-	UNMAPPED
Option.merge	-	UNMAPPED
Option.merge.match_1	-	UNMAPPED
Option.none	-	UNMAPPED
Option.rec	-	UNMAPPED
Option.some	-	UNMAPPED
Or	-	UNMAPPED
Or.casesOn	-	UNMAPPED
Or.elim	-	UNMAPPED
Or.imp	-	UNMAPPED
Or.imp_right	-	UNMAPPED
Or.inl	-	UNMAPPED
Or.inr	-	UNMAPPED
Or.rec	-	UNMAPPED
Or.resolve_left	-	UNMAPPED
Or.resolve_right	-	UNMAPPED
PProd	-	UNMAPPED
PProd.mk	-	UNMAPPED
PSigma	-	UNMAPPED
PSigma.casesOn	-	UNMAPPED
PSigma.mk	-	UNMAPPED
PSigma.rec	-	UNMAPPED
PULift	-	UNMAPPED
PULift.down	-	UNMAPPED
PULift.up	-	UNMAPPED
PUnit	-	UNMAPPED
PUnit.unit	-	UNMAPPED
Pi.instInhabited	-	UNMAPPED
Pow	-	UNMAPPED
Pow.mk	-	UNMAPPED
Pow.pow	-	UNMAPPED
Prod	-	UNMAPPED
Prod.casesOn	-	UNMAPPED
Prod.fst	-	UNMAPPED
Prod.mk	-	UNMAPPED
Prod.rec	-	UNMAPPED
Prod.snd	-	UNMAPPED
Quot	-	UNMAPPED
Quot.lift	-	UNMAPPED
Quot.liftOn	-	UNMAPPED
Quot.mk	-	UNMAPPED
Quot.sound	-	UNMAPPED
Rat	-	UNMAPPED
Rat.add	-	UNMAPPED
Rat.add._proof_1	-	UNMAPPED
Rat.add._proof_2	-	UNMAPPED
Rat.add._proof_3	-	UNMAPPED
Rat.add._proof_4	-	UNMAPPED
Rat.add.aux	-	UNMAPPED
Rat.add_assoc	-	UNMAPPED
Rat.add_comm	-	UNMAPPED
Rat.add_def	-	UNMAPPED
Rat.add_def'	-	UNMAPPED
Rat.add_le_add_left	-	UNMAPPED
Rat.add_left_comm	-	UNMAPPED
Rat.add_lt_add_left	-	UNMAPPED
Rat.add_mul	-	UNMAPPED
Rat.add_neg_cancel	-	UNMAPPED
Rat.add_nonneg	-	UNMAPPED
Rat.add_right_cancel	-	UNMAPPED
Rat.add_zero	-	UNMAPPED
Rat.blt	-	UNMAPPED
Rat.casesOn	-	UNMAPPED
Rat.den	-	UNMAPPED
Rat.den_nz	-	UNMAPPED
Rat.den_nz._autoParam	-	UNMAPPED
Rat.den_pos	-	UNMAPPED
Rat.div	-	UNMAPPED
Rat.divInt	-	UNMAPPED
Rat.divInt._proof_1	-	UNMAPPED
Rat.divInt.match_1	-	UNMAPPED
Rat.divInt.match_3	-	UNMAPPED
Rat.divInt_add_divInt	-	UNMAPPED
Rat.divInt_eq_divInt_iff	-	UNMAPPED
Rat.divInt_mul_divInt	-	UNMAPPED
Rat.divInt_mul_left	-	UNMAPPED
Rat.divInt_mul_right	-	UNMAPPED
Rat.divInt_neg'	-	UNMAPPED
Rat.divInt_nonneg_iff_of_pos_right	-	UNMAPPED
Rat.divInt_nonneg_iff_of_pos_right._simp_1	-	UNMAPPED
Rat.divInt_num_den	-	UNMAPPED
Rat.divInt_ofNat	-	UNMAPPED
Rat.divInt_self'	-	UNMAPPED
Rat.divInt_zero	-	UNMAPPED
Rat.div_def	-	UNMAPPED
Rat.div_mul_cancel	-	UNMAPPED
Rat.eq_iff_mul_eq_mul	-	UNMAPPED
Rat.instAdd	-	UNMAPPED
Rat.instDecidableLt	-	UNMAPPED
Rat.instDiv	-	UNMAPPED
Rat.instIntCast	-	UNMAPPED
Rat.instInv	-	UNMAPPED
Rat.instLE	-	UNMAPPED
Rat.instLT	-	UNMAPPED
Rat.instMul	-	UNMAPPED
Rat.instNatCast	-	UNMAPPED
Rat.instNeg	-	UNMAPPED
Rat.instOfNat	-	UNMAPPED
Rat.instSub	-	UNMAPPED
Rat.intCast_add	-	UNMAPPED
Rat.intCast_inj	-	UNMAPPED
Rat.intCast_le_intCast	-	UNMAPPED
Rat.intCast_lt_intCast	-	UNMAPPED
Rat.intCast_mul	-	UNMAPPED
Rat.intCast_neg	-	UNMAPPED
Rat.intCast_nonneg	-	UNMAPPED
Rat.intCast_ofNat	-	UNMAPPED
Rat.intCast_one	-	UNMAPPED
Rat.intCast_pos	-	UNMAPPED
Rat.intCast_zero	-	UNMAPPED
Rat.inv	-	UNMAPPED
Rat.inv._proof_1	-	UNMAPPED
Rat.inv._proof_2	-	UNMAPPED
Rat.inv._proof_3	-	UNMAPPED
Rat.inv._proof_4	-	UNMAPPED
Rat.inv_def	-	UNMAPPED
Rat.inv_divInt	-	UNMAPPED
Rat.inv_mul_cancel	-	UNMAPPED
Rat.inv_zero	-	UNMAPPED
Rat.le_antisymm	-	UNMAPPED
Rat.le_antisymm_iff	-	UNMAPPED
Rat.le_iff	-	UNMAPPED
Rat.le_iff_sub_nonneg	-	UNMAPPED
Rat.le_of_lt	-	UNMAPPED
Rat.le_refl	-	UNMAPPED
Rat.le_total	-	UNMAPPED
Rat.le_trans	-	UNMAPPED
Rat.lt_iff	-	UNMAPPED
Rat.lt_iff_le_and_ne	-	UNMAPPED
Rat.lt_iff_le_and_not_ge	-	UNMAPPED
Rat.lt_iff_sub_pos	-	UNMAPPED
Rat.lt_irrefl	-	UNMAPPED
Rat.lt_of_le_of_ne	-	UNMAPPED
Rat.maybeNormalize	-	UNMAPPED
Rat.maybeNormalize._proof_1	-	UNMAPPED
Rat.maybeNormalize._proof_2	-	UNMAPPED
Rat.maybeNormalize.congr_simp	-	UNMAPPED
Rat.maybeNormalize_eq	-	UNMAPPED
Rat.maybeNormalize_eq_normalize	-	UNMAPPED
Rat.maybeNormalize_eq_normalize._proof_1	-	UNMAPPED
Rat.mk'	-	UNMAPPED
Rat.mk'.congr_simp	-	UNMAPPED
Rat.mk'.inj	-	UNMAPPED
Rat.mk'.injEq	-	UNMAPPED
Rat.mk'.noConfusion	-	UNMAPPED
Rat.mkRat_add_mkRat	-	UNMAPPED
Rat.mkRat_eq_iff	-	UNMAPPED
Rat.mkRat_eq_zero	-	UNMAPPED
Rat.mkRat_mul_mkRat	-	UNMAPPED
Rat.mkRat_num_den	-	UNMAPPED
Rat.mkRat_self	-	UNMAPPED
Rat.mkRat_zero	-	UNMAPPED
Rat.mk_eq_divInt	-	UNMAPPED
Rat.mk_eq_mkRat	-	UNMAPPED
Rat.mk_eq_normalize	-	UNMAPPED
Rat.mul	-	UNMAPPED
Rat.mul._proof_1	-	UNMAPPED
Rat.mul._proof_2	-	UNMAPPED
Rat.mul._proof_3	-	UNMAPPED
Rat.mul._proof_4	-	UNMAPPED
Rat.mul._proof_5	-	UNMAPPED
Rat.mul._proof_6	-	UNMAPPED
Rat.mul_add	-	UNMAPPED
Rat.mul_assoc	-	UNMAPPED
Rat.mul_comm	-	UNMAPPED
Rat.mul_def	-	UNMAPPED
Rat.mul_eq_zero	-	UNMAPPED
Rat.mul_inv_cancel	-	UNMAPPED
Rat.mul_le_mul_of_nonneg_left	-	UNMAPPED
Rat.mul_lt_mul_of_pos_left	-	UNMAPPED
Rat.mul_neg	-	UNMAPPED
Rat.mul_nonneg	-	UNMAPPED
Rat.mul_one	-	UNMAPPED
Rat.mul_pos	-	UNMAPPED
Rat.mul_zero	-	UNMAPPED
Rat.ne_of_gt	-	UNMAPPED
Rat.ne_of_lt	-	UNMAPPED
Rat.neg	-	UNMAPPED
Rat.neg._proof_1	-	UNMAPPED
Rat.neg_add_cancel	-	UNMAPPED
Rat.neg_divInt_neg	-	UNMAPPED
Rat.neg_mul	-	UNMAPPED
Rat.neg_sub	-	UNMAPPED
Rat.noConfusion	-	UNMAPPED
Rat.noConfusionType	-	UNMAPPED
Rat.nonneg_antisymm	-	UNMAPPED
Rat.nonneg_total	-	UNMAPPED
Rat.normalize	-	UNMAPPED
Rat.normalize._auto_1	-	UNMAPPED
Rat.normalize._proof_1	-	UNMAPPED
Rat.normalize._proof_2	-	UNMAPPED
Rat.normalize._proof_3	-	UNMAPPED
Rat.normalize._proof_4	-	UNMAPPED
Rat.normalize.congr_simp	-	UNMAPPED
Rat.normalize.den_nz	-	UNMAPPED
Rat.normalize.dvd_den	-	UNMAPPED
Rat.normalize.dvd_num	-	UNMAPPED
Rat.normalize.reduced	-	UNMAPPED
Rat.normalize_add_normalize	-	UNMAPPED
Rat.normalize_eq	-	UNMAPPED
Rat.normalize_eq_iff	-	UNMAPPED
Rat.normalize_eq_mkRat	-	UNMAPPED
Rat.normalize_eq_zero	-	UNMAPPED
Rat.normalize_eq_zero._simp_1	-	UNMAPPED
Rat.normalize_mul_left	-	UNMAPPED
Rat.normalize_mul_normalize	-	UNMAPPED
Rat.normalize_mul_right	-	UNMAPPED
Rat.normalize_num_den	-	UNMAPPED
Rat.normalize_num_den'	-	UNMAPPED
Rat.normalize_self	-	UNMAPPED
Rat.normalize_zero	-	UNMAPPED
Rat.not_le	-	UNMAPPED
Rat.not_lt	-	UNMAPPED
Rat.num	-	UNMAPPED
Rat.numDenCasesOn	-	UNMAPPED
Rat.numDenCasesOn'	-	UNMAPPED
Rat.numDenCasesOn''	-	UNMAPPED
Rat.numDenCasesOn''._proof_1	-	UNMAPPED
Rat.numDenCasesOn'._proof_1	-	UNMAPPED
Rat.numDenCasesOn._proof_1	-	UNMAPPED
Rat.numDenCasesOn.match_1	-	UNMAPPED
Rat.num_divInt_den	-	UNMAPPED
Rat.num_eq_zero	-	UNMAPPED
Rat.num_nonneg	-	UNMAPPED
Rat.ofInt	-	UNMAPPED
Rat.ofInt._proof_1	-	UNMAPPED
Rat.one_mul	-	UNMAPPED
Rat.rec	-	UNMAPPED
Rat.reduced	-	UNMAPPED
Rat.reduced._autoParam	-	UNMAPPED
Rat.sub	-	UNMAPPED
Rat.sub._proof_1	-	UNMAPPED
Rat.sub._proof_2	-	UNMAPPED
Rat.sub.aux	-	UNMAPPED
Rat.sub_def	-	UNMAPPED
Rat.sub_eq_add_neg	-	UNMAPPED
Rat.zero_add	-	UNMAPPED
Rat.zero_divInt	-	UNMAPPED
Rat.zero_mkRat	-	UNMAPPED
Rat.zero_mul	-	UNMAPPED
ReflBEq	-	UNMAPPED
ReflBEq.mk	-	UNMAPPED
ReflBEq.rfl	-	UNMAPPED
SizeOf	-	UNMAPPED
SizeOf.mk	-	UNMAPPED
SizeOf.sizeOf	-	UNMAPPED
Std.Antisymm	-	UNMAPPED
Std.Antisymm.antisymm	-	UNMAPPED
Std.Antisymm.mk	-	UNMAPPED
Std.IsLinearOrder	-	UNMAPPED
Std.IsLinearOrder.le_total	-	UNMAPPED
Std.IsLinearOrder.mk	-	UNMAPPED
Std.IsLinearOrder.of_le	-	UNMAPPED
Std.IsLinearOrder.of_le._auto_1	-	UNMAPPED
Std.IsLinearOrder.of_le._auto_3	-	UNMAPPED
Std.IsLinearOrder.of_le._auto_5	-	UNMAPPED
Std.IsLinearOrder.toIsLinearPreorder	-	UNMAPPED
Std.IsLinearOrder.toIsPartialOrder	-	UNMAPPED
Std.IsLinearPreorder	-	UNMAPPED
Std.IsLinearPreorder.le_total	-	UNMAPPED
Std.IsLinearPreorder.mk	-	UNMAPPED
Std.IsLinearPreorder.of_le	-	UNMAPPED
Std.IsLinearPreorder.of_le._auto_1	-	UNMAPPED
Std.IsLinearPreorder.of_le._auto_3	-	UNMAPPED
Std.IsLinearPreorder.toIsPreorder	-	UNMAPPED
Std.IsPartialOrder	-	UNMAPPED
Std.IsPartialOrder.mk	-	UNMAPPED
Std.IsPartialOrder.toIsPreorder	-	UNMAPPED
Std.IsPreorder	-	UNMAPPED
Std.IsPreorder.le_refl	-	UNMAPPED
Std.IsPreorder.mk	-	UNMAPPED
Std.IsPreorder.of_le	-	UNMAPPED
Std.IsPreorder.of_le._auto_1	-	UNMAPPED
Std.IsPreorder.of_le._auto_3	-	UNMAPPED
Std.Refl	-	UNMAPPED
Std.Refl.mk	-	UNMAPPED
Std.Refl.refl	-	UNMAPPED
Std.Total	-	UNMAPPED
Std.Total.mk	-	UNMAPPED
Std.Total.total	-	UNMAPPED
Std.instReflLeOfIsPreorder	-	UNMAPPED
Std.le_refl	-	UNMAPPED
Std.le_refl._simp_1	-	UNMAPPED
String	-	UNMAPPED
String.Internal.append	-	UNMAPPED
String.Pos.Raw	-	UNMAPPED
String.Pos.Raw.mk	-	UNMAPPED
String.instInhabited	-	UNMAPPED
String.ofByteArray	-	UNMAPPED
String.ofList	-	UNMAPPED
String.ofList._proof_1	-	UNMAPPED
String.rawEndPos	-	UNMAPPED
String.toByteArray	-	UNMAPPED
String.toRawSubstring	-	UNMAPPED
String.utf8ByteSize	-	UNMAPPED
String.utf8EncodeChar	-	UNMAPPED
Sub	-	UNMAPPED
Sub.mk	-	UNMAPPED
Sub.sub	-	UNMAPPED
Subsingleton	-	UNMAPPED
Subsingleton.allEq	-	UNMAPPED
Subsingleton.elim	-	UNMAPPED
Subsingleton.intro	-	UNMAPPED
Substring.Raw	-	UNMAPPED
Substring.Raw.mk	-	UNMAPPED
Subtype	-	UNMAPPED
Subtype.casesOn	-	UNMAPPED
Subtype.ext	-	UNMAPPED
Subtype.mk	-	UNMAPPED
Subtype.property	-	UNMAPPED
Subtype.rec	-	UNMAPPED
Subtype.val	-	UNMAPPED
ToString	-	UNMAPPED
ToString.mk	-	UNMAPPED
ToString.toString	-	UNMAPPED
Trans	-	UNMAPPED
Trans.mk	-	UNMAPPED
Trans.trans	-	UNMAPPED
True	-	UNMAPPED
True.intro	-	UNMAPPED
UInt32	-	UNMAPPED
UInt32.isValidChar	-	UNMAPPED
UInt32.ofBitVec	-	UNMAPPED
UInt32.size	-	UNMAPPED
UInt32.toBitVec	-	UNMAPPED
UInt32.toNat	-	UNMAPPED
UInt8	-	UNMAPPED
UInt8.ofBitVec	-	UNMAPPED
UInt8.ofNat	-	UNMAPPED
Unit	MechUnit	NAME_ONLY
Unit.unit	mechUnit	NAME_ONLY
WellFounded	-	UNMAPPED
WellFounded.Nat.eager	-	UNMAPPED
WellFounded.Nat.eager_eq	-	UNMAPPED
WellFounded.Nat.fix	-	UNMAPPED
WellFounded.Nat.fix._proof_1	-	UNMAPPED
WellFounded.Nat.fix._proof_2	-	UNMAPPED
WellFounded.Nat.fix.go	-	UNMAPPED
WellFounded.Nat.fix.go._proof_1	-	UNMAPPED
WellFounded.Nat.fix.go.congr_simp	-	UNMAPPED
WellFounded.Nat.fix.go_congr	-	UNMAPPED
WellFounded.Nat.fix_eq	-	UNMAPPED
WellFounded.apply	-	UNMAPPED
WellFounded.fix	-	UNMAPPED
WellFounded.fixF	-	UNMAPPED
WellFounded.intro	-	UNMAPPED
WellFounded.rec	-	UNMAPPED
WellFoundedRelation	-	UNMAPPED
WellFoundedRelation.mk	-	UNMAPPED
WellFoundedRelation.rel	-	UNMAPPED
WellFoundedRelation.wf	-	UNMAPPED
Zero	-	UNMAPPED
Zero.mk	-	UNMAPPED
Zero.ofOfNat0	-	UNMAPPED
Zero.toOfNat0	-	UNMAPPED
Zero.zero	-	UNMAPPED
_private.ArrowCat.Pivotal.0.ArrowCat.iff_of_false'	-	UNMAPPED
_private.ArrowCat.Pivotal.0.ArrowCat.iff_of_true'	-	UNMAPPED
_private.ArrowCat.Pivotal.0.ArrowCat.localDictAuxProfile_eq	-	UNMAPPED
_private.ArrowCat.Pivotal.0.ArrowCat.localDictAuxProfile_gt	-	UNMAPPED
_private.ArrowCat.Pivotal.0.ArrowCat.localDictAuxProfile_lt	-	UNMAPPED
_private.Init.Classical.0.Classical.em.match_1_1	-	UNMAPPED
_private.Init.Classical.0.Classical.em.match_1_3	-	UNMAPPED
_private.Init.Core.0.And.symm.match_1_1	-	UNMAPPED
_private.Init.Core.0.Bool.of_not_eq_true.match_1_1	-	UNMAPPED
_private.Init.Core.0.Lean.injEq_helper.match_1_1	-	UNMAPPED
_private.Init.Core.0.Subtype.ext.match_1_1	-	UNMAPPED
_private.Init.Core.0.beq_of_eq.match_1_1	-	UNMAPPED
_private.Init.Core.0.decide_false.match_1_1	-	UNMAPPED
_private.Init.Core.0.decide_true.match_1_1	-	UNMAPPED
_private.Init.Core.0.dif_neg.match_1_1	-	UNMAPPED
_private.Init.Core.0.dif_pos.match_1_1	-	UNMAPPED
_private.Init.Core.0.if_neg.match_1_1	-	UNMAPPED
_private.Init.Core.0.if_pos.match_1_1	-	UNMAPPED
_private.Init.Core.0.instSubsingletonDecidable.match_1	-	UNMAPPED
_private.Init.Data.Int.DivMod.Bootstrap.0.Int.add_ediv_of_dvd_right.match_1_1	-	UNMAPPED
_private.Init.Data.Int.DivMod.Bootstrap.0.Int.add_mul_ediv_right.match_1_1	-	UNMAPPED
_private.Init.Data.Int.DivMod.Bootstrap.0.Int.add_mul_ediv_right.match_1_3	-	UNMAPPED
_private.Init.Data.Int.DivMod.Bootstrap.0.Int.add_mul_ediv_right.match_1_5	-	UNMAPPED
_private.Init.Data.Int.DivMod.Bootstrap.0.Int.dvd_neg.match_1_1	-	UNMAPPED
_private.Init.Data.Int.DivMod.Bootstrap.0.Int.dvd_neg.match_1_3	-	UNMAPPED
_private.Init.Data.Int.DivMod.Bootstrap.0.Int.dvd_trans.match_1_1	-	UNMAPPED
_private.Init.Data.Int.DivMod.Bootstrap.0.Int.ediv_neg.match_1_1	-	UNMAPPED
_private.Init.Data.Int.DivMod.Bootstrap.0.Int.ediv_nonneg_iff_of_pos.match_1_1	-	UNMAPPED
_private.Init.Data.Int.DivMod.Bootstrap.0.Int.ediv_zero.match_1_1	-	UNMAPPED
_private.Init.Data.Int.DivMod.Bootstrap.0.Int.emod_add_mul_ediv.aux	-	UNMAPPED
_private.Init.Data.Int.DivMod.Bootstrap.0.Int.emod_add_mul_ediv.match_1_1	-	UNMAPPED
_private.Init.Data.Int.DivMod.Bootstrap.0.Int.emod_emod_of_dvd.match_1_1	-	UNMAPPED
_private.Init.Data.Int.DivMod.Bootstrap.0.Int.emod_eq_zero_of_dvd.match_1_1	-	UNMAPPED
_private.Init.Data.Int.DivMod.Bootstrap.0.Int.emod_lt_of_pos.match_1_1	-	UNMAPPED
_private.Init.Data.Int.DivMod.Bootstrap.0.Int.emod_nonneg.match_1_1	-	UNMAPPED
_private.Init.Data.Int.DivMod.Bootstrap.0.Int.emod_zero.match_1_1	-	UNMAPPED
_private.Init.Data.Int.DivMod.Bootstrap.0.Int.mul_ediv_assoc.match_1_1	-	UNMAPPED
_private.Init.Data.Int.DivMod.Bootstrap.0.Int.natAbs_dvd_natAbs.match_1_1	-	UNMAPPED
_private.Init.Data.Int.DivMod.Bootstrap.0.Int.natAbs_dvd_natAbs.match_1_3	-	UNMAPPED
_private.Init.Data.Int.DivMod.Bootstrap.0.Int.neg_dvd.match_1_1	-	UNMAPPED
_private.Init.Data.Int.DivMod.Bootstrap.0.Int.neg_dvd.match_1_3	-	UNMAPPED
_private.Init.Data.Int.DivMod.Bootstrap.0.Int.neg_ediv_of_dvd.match_1_1	-	UNMAPPED
_private.Init.Data.Int.DivMod.Bootstrap.0.Int.ofNat_dvd.match_1_1	-	UNMAPPED
_private.Init.Data.Int.DivMod.Bootstrap.0.Int.ofNat_dvd.match_1_3	-	UNMAPPED
_private.Init.Data.Int.DivMod.Bootstrap.0.Int.ofNat_dvd.match_1_5	-	UNMAPPED
_private.Init.Data.Int.DivMod.Bootstrap.0.Int.ofNat_dvd.match_1_7	-	UNMAPPED
_private.Init.Data.Int.DivMod.Bootstrap.0.Int.zero_dvd.match_1_1	-	UNMAPPED
_private.Init.Data.Int.DivMod.Bootstrap.0.Int.zero_ediv.match_1_1	-	UNMAPPED
_private.Init.Data.Int.DivMod.Lemmas.0.Int.dvd_add.match_1_1	-	UNMAPPED
_private.Init.Data.Int.DivMod.Lemmas.0.Int.dvd_natAbs.match_1_1	-	UNMAPPED
_private.Init.Data.Int.DivMod.Lemmas.0.Int.dvd_sub.match_1_1	-	UNMAPPED
_private.Init.Data.Int.DivMod.Lemmas.0.Int.ediv_eq_neg_one_of_neg_of_le._proof_1_3	-	UNMAPPED
_private.Init.Data.Int.DivMod.Lemmas.0.Int.ediv_eq_neg_one_of_neg_of_le._proof_1_4	-	UNMAPPED
_private.Init.Data.Int.DivMod.Lemmas.0.Int.ediv_eq_neg_one_of_neg_of_le.match_1_1	-	UNMAPPED
_private.Init.Data.Int.DivMod.Lemmas.0.Int.ediv_eq_one_of_neg_of_le._proof_1_3	-	UNMAPPED
_private.Init.Data.Int.DivMod.Lemmas.0.Int.ediv_eq_one_of_neg_of_le._proof_1_4	-	UNMAPPED
_private.Init.Data.Int.DivMod.Lemmas.0.Int.ediv_eq_one_of_neg_of_le._proof_1_5	-	UNMAPPED
_private.Init.Data.Int.DivMod.Lemmas.0.Int.ediv_eq_one_of_neg_of_le.match_1_1	-	UNMAPPED
_private.Init.Data.Int.DivMod.Lemmas.0.Int.ediv_nonneg.match_1_1	-	UNMAPPED
_private.Init.Data.Int.DivMod.Lemmas.0.Int.ediv_one.match_1_1	-	UNMAPPED
_private.Init.Data.Int.DivMod.Lemmas.0.Int.emod_lt_of_neg._proof_1_3	-	UNMAPPED
_private.Init.Data.Int.DivMod.Lemmas.0.Int.emod_lt_of_neg.match_1_1	-	UNMAPPED
_private.Init.Data.Int.DivMod.Lemmas.0.Int.mul_ediv_mul_of_pos.match_1_1	-	UNMAPPED
_private.Init.Data.Int.DivMod.Lemmas.0.Int.mul_ediv_mul_of_pos.match_1_3	-	UNMAPPED
_private.Init.Data.Int.DivMod.Lemmas.0.Int.natAbs_ediv._proof_1_3	-	UNMAPPED
_private.Init.Data.Int.DivMod.Lemmas.0.Int.natAbs_ediv._proof_1_4	-	UNMAPPED
_private.Init.Data.Int.DivMod.Lemmas.0.Int.natAbs_ediv.match_1_1	-	UNMAPPED
_private.Init.Data.Int.DivMod.Lemmas.0.Int.natAbs_tdiv.match_1_1	-	UNMAPPED
_private.Init.Data.Int.DivMod.Lemmas.0.Int.natCast_eq_zero._proof_1_1	-	UNMAPPED
_private.Init.Data.Int.DivMod.Lemmas.0.Int.negSucc_emod_negSucc_eq_zero_iff._simp_1_4	-	UNMAPPED
_private.Init.Data.Int.DivMod.Lemmas.0.Int.negSucc_emod_negSucc_eq_zero_iff._simp_1_5	-	UNMAPPED
_private.Init.Data.Int.DivMod.Lemmas.0.Int.negSucc_emod_ofNat_succ_eq_zero_iff._simp_1_4	-	UNMAPPED
_private.Init.Data.Int.DivMod.Lemmas.0.Int.negSucc_emod_ofNat_succ_eq_zero_iff._simp_1_5	-	UNMAPPED
_private.Init.Data.Int.DivMod.Lemmas.0.Int.neg_ediv._proof_1_1	-	UNMAPPED
_private.Init.Data.Int.DivMod.Lemmas.0.Int.neg_ediv._proof_1_2	-	UNMAPPED
_private.Init.Data.Int.DivMod.Lemmas.0.Int.neg_ediv._proof_1_3	-	UNMAPPED
_private.Init.Data.Int.DivMod.Lemmas.0.Int.neg_ediv._proof_1_4	-	UNMAPPED
_private.Init.Data.Int.DivMod.Lemmas.0.Int.neg_ediv._proof_1_5	-	UNMAPPED
_private.Init.Data.Int.DivMod.Lemmas.0.Int.neg_ediv._proof_1_6	-	UNMAPPED
_private.Init.Data.Int.DivMod.Lemmas.0.Int.neg_tdiv.match_1_1	-	UNMAPPED
_private.Init.Data.Int.DivMod.Lemmas.0.Int.tdiv_eq_ediv._simp_1_1	-	UNMAPPED
_private.Init.Data.Int.DivMod.Lemmas.0.Int.tdiv_eq_ediv._simp_1_10	-	UNMAPPED
_private.Init.Data.Int.DivMod.Lemmas.0.Int.tdiv_eq_ediv._simp_1_11	-	UNMAPPED
_private.Init.Data.Int.DivMod.Lemmas.0.Int.tdiv_eq_ediv._simp_1_9	-	UNMAPPED
_private.Init.Data.Int.DivMod.Lemmas.0.Int.tdiv_eq_ediv.match_1_2	-	UNMAPPED
_private.Init.Data.Int.DivMod.Lemmas.0.Int.tdiv_eq_ediv_of_nonneg._sparseCasesOn_1_1	-	UNMAPPED
_private.Init.Data.Int.DivMod.Lemmas.0.Int.tdiv_eq_ediv_of_nonneg.match_1_1	-	UNMAPPED
_private.Init.Data.Int.DivMod.Lemmas.0.Int.tdiv_neg.match_1_1	-	UNMAPPED
_private.Init.Data.Int.DivMod.Lemmas.0.Int.tdiv_zero.match_1_1	-	UNMAPPED
_private.Init.Data.Int.DivMod.Lemmas.0.Int.tmod_add_mul_tdiv.match_1_1	-	UNMAPPED
_private.Init.Data.Int.DivMod.Lemmas.0.Int.tmod_eq_zero_of_dvd.match_1_1	-	UNMAPPED
_private.Init.Data.Int.DivMod.Lemmas.0.Int.tmod_zero.match_1_1	-	UNMAPPED
_private.Init.Data.Int.DivMod.Lemmas.0.Int.zero_tdiv.match_1_1	-	UNMAPPED
_private.Init.Data.Int.Lemmas.0.Int.add_assoc.aux1	-	UNMAPPED
_private.Init.Data.Int.Lemmas.0.Int.add_assoc.aux1.match_1	-	UNMAPPED
_private.Init.Data.Int.Lemmas.0.Int.add_assoc.aux2	-	UNMAPPED
_private.Init.Data.Int.Lemmas.0.Int.add_assoc.match_1_1	-	UNMAPPED
_private.Init.Data.Int.Lemmas.0.Int.add_comm.match_1_1	-	UNMAPPED
_private.Init.Data.Int.Lemmas.0.Int.add_left_cancel._simp_1_1	-	UNMAPPED
_private.Init.Data.Int.Lemmas.0.Int.add_left_neg.match_1_1	-	UNMAPPED
_private.Init.Data.Int.Lemmas.0.Int.add_zero.match_1_1	-	UNMAPPED
_private.Init.Data.Int.Lemmas.0.Int.mul_add._simp_1_3	-	UNMAPPED
_private.Init.Data.Int.Lemmas.0.Int.mul_add.match_1_1	-	UNMAPPED
_private.Init.Data.Int.Lemmas.0.Int.mul_eq_zero.match_1_1	-	UNMAPPED
_private.Init.Data.Int.Lemmas.0.Int.negSucc_ne_zero.match_1_1	-	UNMAPPED
_private.Init.Data.Int.Lemmas.0.Int.neg_eq_neg_one_mul.match_1_1	-	UNMAPPED
_private.Init.Data.Int.Lemmas.0.Int.neg_neg.match_1_1	-	UNMAPPED
_private.Init.Data.Int.Lemmas.0.Int.neg_ofNat_eq_negSucc_add_one_iff._simp_1_1	-	UNMAPPED
_private.Init.Data.Int.Lemmas.0.Int.neg_ofNat_eq_negSucc_iff._simp_1_1	-	UNMAPPED
_private.Init.Data.Int.Lemmas.0.Int.ofNat_sub.match_1_1	-	UNMAPPED
_private.Init.Data.Int.Lemmas.0.Int.one_mul.match_1_1	-	UNMAPPED
_private.Init.Data.Int.Lemmas.0.Int.subNatNat_elim.match_1_1	-	UNMAPPED
_private.Init.Data.Int.Lemmas.0.Int.subNatNat_elim.match_1_3	-	UNMAPPED
_private.Init.Data.Int.Lemmas.0.Int.subNatNat_self.match_1_1	-	UNMAPPED
_private.Init.Data.Int.Lemmas.0.Int.sub_sub_self._simp_1_1	-	UNMAPPED
_private.Init.Data.Int.Order.0.Int.add_le_add_left.match_1_1	-	UNMAPPED
_private.Init.Data.Int.Order.0.Int.eq_iff_le_and_ge.match_1_1	-	UNMAPPED
_private.Init.Data.Int.Order.0.Int.eq_negSucc_of_lt_zero.match_1_1	-	UNMAPPED
_private.Init.Data.Int.Order.0.Int.eq_succ_of_zero_lt.match_1_1	-	UNMAPPED
_private.Init.Data.Int.Order.0.Int.le.dest.match_1_1	-	UNMAPPED
_private.Init.Data.Int.Order.0.Int.le.intro_sub._simp_1_1	-	UNMAPPED
_private.Init.Data.Int.Order.0.Int.le_antisymm.match_1_1	-	UNMAPPED
_private.Init.Data.Int.Order.0.Int.le_antisymm.match_1_3	-	UNMAPPED
_private.Init.Data.Int.Order.0.Int.le_min.match_1_1	-	UNMAPPED
_private.Init.Data.Int.Order.0.Int.le_of_lt.match_1_1	-	UNMAPPED
_private.Init.Data.Int.Order.0.Int.le_trans.match_1_1	-	UNMAPPED
_private.Init.Data.Int.Order.0.Int.lt.dest.match_1_1	-	UNMAPPED
_private.Init.Data.Int.Order.0.Int.lt_iff_le_and_ne.match_1_1	-	UNMAPPED
_private.Init.Data.Int.Order.0.Int.lt_iff_le_and_ne.match_1_3	-	UNMAPPED
_private.Init.Data.Int.Order.0.Int.lt_iff_le_and_not_ge.match_1_1	-	UNMAPPED
_private.Init.Data.Int.Order.0.Int.lt_iff_le_and_not_ge.match_1_3	-	UNMAPPED
_private.Init.Data.Int.Order.0.Int.lt_irrefl.match_1_1	-	UNMAPPED
_private.Init.Data.Int.Order.0.Int.max_le.match_1_1	-	UNMAPPED
_private.Init.Data.Int.Order.0.Int.mul_nonneg.match_1_1	-	UNMAPPED
_private.Init.Data.Int.Order.0.Int.mul_pos.match_1_1	-	UNMAPPED
_private.Init.Data.Int.Order.0.Int.natAbs_eq.match_1_1	-	UNMAPPED
_private.Init.Data.Int.Order.0.Int.natAbs_eq_zero.match_1_1	-	UNMAPPED
_private.Init.Data.Int.Order.0.Int.natAbs_neg.match_1_1	-	UNMAPPED
_private.Init.Data.Int.Order.0.Int.natAbs_of_nonneg.match_1_1	-	UNMAPPED
_private.Init.Data.Int.Order.0.Int.negSucc_lt_zero.match_1_1	-	UNMAPPED
_private.Init.Data.Int.Order.0.Int.negSucc_lt_zero.match_1_3	-	UNMAPPED
_private.Init.Data.Int.Order.0.Int.nonneg_def.match_1_1	-	UNMAPPED
_private.Init.Data.Int.Order.0.Int.nonneg_def.match_1_3	-	UNMAPPED
_private.Init.Data.Int.Order.0.Int.nonneg_or_nonneg_neg.match_1_1	-	UNMAPPED
_private.Init.Data.Int.Order.0.Int.ofNat_le.match_1_1	-	UNMAPPED
_private.Init.Data.Int.Order.0.Int.ofNat_le.match_1_3	-	UNMAPPED
_private.Init.Data.Int.Order.0.Int.sign_eq_neg_one_of_neg.match_1_1	-	UNMAPPED
_private.Init.Data.Int.Order.0.Int.sign_eq_one_of_pos.match_1_1	-	UNMAPPED
_private.Init.Data.List.Basic.0.List.zipWith.match_1.eq_2	-	UNMAPPED
_private.Init.Data.List.Basic.0.List.zipWith.match_1.splitter	-	UNMAPPED
_private.Init.Data.Nat.Basic.0.Nat.add_assoc.match_1_1	-	UNMAPPED
_private.Init.Data.Nat.Basic.0.Nat.add_comm.match_1_1	-	UNMAPPED
_private.Init.Data.Nat.Basic.0.Nat.add_le_add_left.match_1_1	-	UNMAPPED
_private.Init.Data.Nat.Basic.0.Nat.add_le_of_le_sub.match_1_1	-	UNMAPPED
_private.Init.Data.Nat.Basic.0.Nat.add_one_ne_zero.match_1_1	-	UNMAPPED
_private.Init.Data.Nat.Basic.0.Nat.add_sub_add_right._simp_1_1	-	UNMAPPED
_private.Init.Data.Nat.Basic.0.Nat.eq_zero_of_add_eq_zero.match_1_1	-	UNMAPPED
_private.Init.Data.Nat.Basic.0.Nat.eq_zero_or_pos.match_1_1	-	UNMAPPED
_private.Init.Data.Nat.Basic.0.Nat.le.dest.match_1_1	-	UNMAPPED
_private.Init.Data.Nat.Basic.0.Nat.le.dest.match_1_3	-	UNMAPPED
_private.Init.Data.Nat.Basic.0.Nat.le_add_right.match_1_1	-	UNMAPPED
_private.Init.Data.Nat.Basic.0.Nat.le_antisymm_iff.match_1_1	-	UNMAPPED
_private.Init.Data.Nat.Basic.0.Nat.le_of_add_le_add_left.match_1_1	-	UNMAPPED
_private.Init.Data.Nat.Basic.0.Nat.le_of_sub_eq_zero.match_1_1	-	UNMAPPED
_private.Init.Data.Nat.Basic.0.Nat.le_of_sub_le_sub_right.match_1_1	-	UNMAPPED
_private.Init.Data.Nat.Basic.0.Nat.lt_or_gt_of_ne.match_1_1	-	UNMAPPED
_private.Init.Data.Nat.Basic.0.Nat.lt_trichotomy.match_1_1	-	UNMAPPED
_private.Init.Data.Nat.Basic.0.Nat.lt_trichotomy.match_1_3	-	UNMAPPED
_private.Init.Data.Nat.Basic.0.Nat.mul_assoc.match_1_1	-	UNMAPPED
_private.Init.Data.Nat.Basic.0.Nat.mul_comm.match_1_1	-	UNMAPPED
_private.Init.Data.Nat.Basic.0.Nat.mul_le_mul_left.match_1_1	-	UNMAPPED
_private.Init.Data.Nat.Basic.0.Nat.not_le_of_gt.match_1_1	-	UNMAPPED
_private.Init.Data.Nat.Basic.0.Nat.sub_eq_iff_eq_add.match_1_1	-	UNMAPPED
_private.Init.Data.Nat.Basic.0.Nat.sub_eq_zero_of_le.match_1_1	-	UNMAPPED
_private.Init.Data.Nat.Basic.0.Nat.sub_le_sub_left.match_1_1	-	UNMAPPED
_private.Init.Data.Nat.Basic.0.Nat.sub_le_sub_right.match_1_1	-	UNMAPPED
_private.Init.Data.Nat.Basic.0.Nat.sub_ne_zero_of_lt._simp_1_3	-	UNMAPPED
_private.Init.Data.Nat.Basic.0.Nat.sub_ne_zero_of_lt.match_1_1	-	UNMAPPED
_private.Init.Data.Nat.Basic.0.Nat.sub_one_add_one_eq_of_pos.match_1_1	-	UNMAPPED
_private.Init.Data.Nat.Basic.0.Nat.sub_self.match_1_1	-	UNMAPPED
_private.Init.Data.Nat.Basic.0.Nat.succ_add.match_1_1	-	UNMAPPED
_private.Init.Data.Nat.Basic.0.Nat.succ_pred_eq_of_pos.match_1_1	-	UNMAPPED
_private.Init.Data.Nat.Basic.0.Nat.zero_add.match_1_1	-	UNMAPPED
_private.Init.Data.Nat.Basic.0.Nat.zero_lt_of_ne_zero.match_1_1	-	UNMAPPED
_private.Init.Data.Nat.Basic.0.Nat.zero_mul.match_1_1	-	UNMAPPED
_private.Init.Data.Nat.Bitwise.Basic.0.Nat.bitwise._unary._proof_1	-	UNMAPPED
_private.Init.Data.Nat.Coprime.0.Nat.Coprime.coprime_div_left.match_1_1	-	UNMAPPED
_private.Init.Data.Nat.Coprime.0.Nat.Coprime.coprime_div_left.match_1_3	-	UNMAPPED
_private.Init.Data.Nat.Coprime.0.Nat.coprime_mul_iff_left.match_1_1	-	UNMAPPED
_private.Init.Data.Nat.Div.Basic.0.Nat.add_mul_mod_self_left.match_1_1	-	UNMAPPED
_private.Init.Data.Nat.Div.Basic.0.Nat.div.go.fuel_congr	-	UNMAPPED
_private.Init.Data.Nat.Div.Basic.0.Nat.div.go.fuel_congr._f	-	UNMAPPED
_private.Init.Data.Nat.Div.Basic.0.Nat.div.go.fuel_congr.match_1_1	-	UNMAPPED
_private.Init.Data.Nat.Div.Basic.0.Nat.div_le_self.match_1_1	-	UNMAPPED
_private.Init.Data.Nat.Div.Basic.0.Nat.div_lt_self.match_1_1	-	UNMAPPED
_private.Init.Data.Nat.Div.Basic.0.Nat.div_mul_le_self.match_1_1	-	UNMAPPED
_private.Init.Data.Nat.Div.Basic.0.Nat.le_div_iff_mul_le._simp_1_2	-	UNMAPPED
_private.Init.Data.Nat.Div.Basic.0.Nat.le_div_iff_mul_le._simp_1_3	-	UNMAPPED
_private.Init.Data.Nat.Div.Basic.0.Nat.modCore.go.fuel_congr	-	UNMAPPED
_private.Init.Data.Nat.Div.Basic.0.Nat.modCore.go.fuel_congr._f	-	UNMAPPED
_private.Init.Data.Nat.Div.Basic.0.Nat.modCore.go.fuel_congr.match_1_1	-	UNMAPPED
_private.Init.Data.Nat.Div.Basic.0.Nat.modCore_eq_mod.match_1_1	-	UNMAPPED
_private.Init.Data.Nat.Div.Basic.0.Nat.modCore_eq_mod.match_1_3	-	UNMAPPED
_private.Init.Data.Nat.Div.Basic.0.Nat.modCore_eq_mod.match_1_8	-	UNMAPPED
_private.Init.Data.Nat.Div.Basic.0.Nat.mod_eq_of_lt.match_1_1	-	UNMAPPED
_private.Init.Data.Nat.Div.Basic.0.Nat.mod_eq_sub_mod.match_1_1	-	UNMAPPED
_private.Init.Data.Nat.Div.Basic.0.Nat.mod_zero.match_1_1	-	UNMAPPED
_private.Init.Data.Nat.Div.Basic.0.Nat.sub_mul_div_of_le.match_1_1	-	UNMAPPED
_private.Init.Data.Nat.Div.Lemmas.0.Nat.div_le_iff_le_mul._proof_1_1	-	UNMAPPED
_private.Init.Data.Nat.Div.Lemmas.0.Nat.div_mul_self_eq_mod_sub_self._proof_1_1	-	UNMAPPED
_private.Init.Data.Nat.Div.Lemmas.0.Nat.lt_of_div_eq_zero._proof_1_1	-	UNMAPPED
_private.Init.Data.Nat.Div.Lemmas.0.Nat.succ_div_of_dvd._simp_1_1	-	UNMAPPED
_private.Init.Data.Nat.Div.Lemmas.0.Nat.succ_div_of_dvd._simp_1_2	-	UNMAPPED
_private.Init.Data.Nat.Div.Lemmas.0.Nat.succ_div_of_dvd._simp_1_3	-	UNMAPPED
_private.Init.Data.Nat.Div.Lemmas.0.Nat.succ_div_of_dvd._simp_1_4	-	UNMAPPED
_private.Init.Data.Nat.Div.Lemmas.0.Nat.succ_div_of_dvd._simp_1_5	-	UNMAPPED
_private.Init.Data.Nat.Div.Lemmas.0.Nat.succ_div_of_not_dvd._proof_1_1	-	UNMAPPED
_private.Init.Data.Nat.Div.Lemmas.0.Nat.succ_div_of_not_dvd._proof_1_2	-	UNMAPPED
_private.Init.Data.Nat.Dvd.0.Nat.dvd_add.match_1_1	-	UNMAPPED
_private.Init.Data.Nat.Dvd.0.Nat.dvd_add_iff_right.match_1_1	-	UNMAPPED
_private.Init.Data.Nat.Dvd.0.Nat.dvd_add_iff_right.match_1_3	-	UNMAPPED
_private.Init.Data.Nat.Dvd.0.Nat.dvd_antisymm.match_1_1	-	UNMAPPED
_private.Init.Data.Nat.Dvd.0.Nat.dvd_trans.match_1_1	-	UNMAPPED
_private.Init.Data.Nat.Dvd.0.Nat.eq_zero_of_zero_dvd.match_1_1	-	UNMAPPED
_private.Init.Data.Nat.Dvd.0.Nat.le_of_dvd.match_1_1	-	UNMAPPED
_private.Init.Data.Nat.Dvd.0.Nat.le_of_dvd.match_1_3	-	UNMAPPED
_private.Init.Data.Nat.Dvd.0.Nat.mod_eq_zero_of_dvd.match_1_1	-	UNMAPPED
_private.Init.Data.Nat.Gcd.0.Nat.eq_zero_of_gcd_eq_zero_left.match_1_1	-	UNMAPPED
_private.Init.Data.Nat.Gcd.0.Nat.gcd._unary._proof_1	-	UNMAPPED
_private.Init.Data.Nat.Gcd.0.Nat.gcd._unary.eq_def	-	UNMAPPED
_private.Init.Data.Nat.Gcd.0.Nat.gcd.eq_1	-	UNMAPPED
_private.Init.Data.Nat.Gcd.0.Nat.gcd.eq_def	-	UNMAPPED
_private.Init.Data.Nat.Gcd.0.Nat.gcd.induction.match_1_1	-	UNMAPPED
_private.Init.Data.Nat.Gcd.0.Nat.gcd_div.match_1_1	-	UNMAPPED
_private.Init.Data.Nat.Gcd.0.Nat.gcd_rec.match_1_1	-	UNMAPPED
_private.Init.Data.Nat.Gcd.0.PSigma.casesOn._arg_pusher	-	UNMAPPED
_private.Init.Data.Nat.Lemmas.0.Nat.add_eq_right._proof_1_1	-	UNMAPPED
_private.Init.Data.Nat.Lemmas.0.Nat.add_eq_zero_iff.match_1_1	-	UNMAPPED
_private.Init.Data.Nat.Lemmas.0.Nat.add_left_cancel_iff.match_1_1	-	UNMAPPED
_private.Init.Data.Nat.Lemmas.0.Nat.add_right_cancel_iff.match_1_1	-	UNMAPPED
_private.Init.Data.Nat.Lemmas.0.Nat.le_iff_lt_add_one._proof_1_1	-	UNMAPPED
_private.Init.Data.Nat.Lemmas.0.Nat.mul_add_mod.match_1_1	-	UNMAPPED
_private.Init.Data.Nat.Lemmas.0.Nat.mul_eq_zero.match_1_1	-	UNMAPPED
_private.Init.Data.Nat.Lemmas.0.Nat.mul_eq_zero.match_1_3	-	UNMAPPED
_private.Init.Data.Nat.Lemmas.0.Nat.mul_eq_zero.match_1_5	-	UNMAPPED
_private.Init.Data.Nat.Lemmas.0.Nat.right_eq_add._proof_1_1	-	UNMAPPED
_private.Init.Data.Nat.Lemmas.0.Nat.succ_mod_succ_eq_zero_iff._simp_1_1	-	UNMAPPED
_private.Init.Data.Nat.Lemmas.0.Nat.succ_mod_succ_eq_zero_iff._simp_1_2	-	UNMAPPED
_private.Init.Data.Nat.Lemmas.0.Nat.succ_mod_succ_eq_zero_iff._simp_1_3	-	UNMAPPED
_private.Init.Data.Nat.Lemmas.0.Nat.succ_mod_succ_eq_zero_iff._simp_1_4	-	UNMAPPED
_private.Init.Data.Nat.Simproc.0.Nat.Simproc.add_sub_add_le.match_1_1	-	UNMAPPED
_private.Init.Data.Order.Factories.0.Std.instReflOfTotal	-	UNMAPPED
_private.Init.Data.Order.Lemmas.0.Std.le_refl._simp_1_1	-	UNMAPPED
_private.Init.Data.Rat.Basic.0.Rat.mul._simp_1	-	UNMAPPED
_private.Init.Data.Rat.Lemmas.0.Rat.add_assoc._simp_1_1	-	UNMAPPED
_private.Init.Data.Rat.Lemmas.0.Rat.add_assoc._simp_1_2	-	UNMAPPED
_private.Init.Data.Rat.Lemmas.0.Rat.add_lt_add_left._simp_1_1	-	UNMAPPED
_private.Init.Data.Rat.Lemmas.0.Rat.add_lt_add_left._simp_1_2	-	UNMAPPED
_private.Init.Data.Rat.Lemmas.0.Rat.add_mul._simp_1_1	-	UNMAPPED
_private.Init.Data.Rat.Lemmas.0.Rat.add_mul._simp_1_2	-	UNMAPPED
_private.Init.Data.Rat.Lemmas.0.Rat.add_nonneg._simp_1_1	-	UNMAPPED
_private.Init.Data.Rat.Lemmas.0.Rat.add_nonneg._simp_1_2	-	UNMAPPED
_private.Init.Data.Rat.Lemmas.0.Rat.divInt_eq_divInt_iff._simp_1_2	-	UNMAPPED
_private.Init.Data.Rat.Lemmas.0.Rat.divInt_eq_divInt_iff._simp_1_3	-	UNMAPPED
_private.Init.Data.Rat.Lemmas.0.Rat.divInt_eq_divInt_iff._simp_1_4	-	UNMAPPED
_private.Init.Data.Rat.Lemmas.0.Rat.divInt_num_den.match_1_3	-	UNMAPPED
_private.Init.Data.Rat.Lemmas.0.Rat.divInt_num_den.match_1_5	-	UNMAPPED
_private.Init.Data.Rat.Lemmas.0.Rat.eq_iff_mul_eq_mul._simp_1_1	-	UNMAPPED
_private.Init.Data.Rat.Lemmas.0.Rat.eq_iff_mul_eq_mul._simp_1_2	-	UNMAPPED
_private.Init.Data.Rat.Lemmas.0.Rat.eq_iff_mul_eq_mul._simp_1_3	-	UNMAPPED
_private.Init.Data.Rat.Lemmas.0.Rat.intCast_le_intCast._simp_1_1	-	UNMAPPED
_private.Init.Data.Rat.Lemmas.0.Rat.intCast_lt_intCast._simp_1_1	-	UNMAPPED
_private.Init.Data.Rat.Lemmas.0.Rat.le_antisymm_iff._simp_1_1	-	UNMAPPED
_private.Init.Data.Rat.Lemmas.0.Rat.le_iff._simp_1_1	-	UNMAPPED
_private.Init.Data.Rat.Lemmas.0.Rat.le_iff._simp_1_2	-	UNMAPPED
_private.Init.Data.Rat.Lemmas.0.Rat.le_iff_sub_nonneg._simp_1_1	-	UNMAPPED
_private.Init.Data.Rat.Lemmas.0.Rat.le_iff_sub_nonneg._simp_1_2	-	UNMAPPED
_private.Init.Data.Rat.Lemmas.0.Rat.le_total._simp_1_1	-	UNMAPPED
_private.Init.Data.Rat.Lemmas.0.Rat.lt_iff._proof_1_2	-	UNMAPPED
_private.Init.Data.Rat.Lemmas.0.Rat.lt_iff._proof_1_3	-	UNMAPPED
_private.Init.Data.Rat.Lemmas.0.Rat.lt_iff._proof_1_4	-	UNMAPPED
_private.Init.Data.Rat.Lemmas.0.Rat.lt_iff._proof_1_5	-	UNMAPPED
_private.Init.Data.Rat.Lemmas.0.Rat.lt_iff_le_and_ne._simp_1_1	-	UNMAPPED
_private.Init.Data.Rat.Lemmas.0.Rat.lt_iff_le_and_ne._simp_1_2	-	UNMAPPED
_private.Init.Data.Rat.Lemmas.0.Rat.lt_iff_le_and_ne._simp_1_3	-	UNMAPPED
_private.Init.Data.Rat.Lemmas.0.Rat.lt_iff_le_and_ne._simp_1_4	-	UNMAPPED
_private.Init.Data.Rat.Lemmas.0.Rat.lt_iff_le_and_not_ge._simp_1_1	-	UNMAPPED
_private.Init.Data.Rat.Lemmas.0.Rat.lt_iff_le_and_not_ge._simp_1_2	-	UNMAPPED
_private.Init.Data.Rat.Lemmas.0.Rat.lt_iff_sub_pos._simp_1_1	-	UNMAPPED
_private.Init.Data.Rat.Lemmas.0.Rat.mul_inv_cancel._simp_1_1	-	UNMAPPED
_private.Init.Data.Rat.Lemmas.0.Rat.mul_inv_cancel._simp_1_2	-	UNMAPPED
_private.Init.Data.Rat.Lemmas.0.Rat.mul_inv_cancel._simp_1_3	-	UNMAPPED
_private.Init.Data.Rat.Lemmas.0.Rat.mul_neg._simp_1_1	-	UNMAPPED
_private.Init.Data.Rat.Lemmas.0.Rat.mul_nonneg._simp_1_1	-	UNMAPPED
_private.Init.Data.Rat.Lemmas.0.Rat.mul_pos._simp_1_1	-	UNMAPPED
_private.Init.Data.Rat.Lemmas.0.Rat.mul_pos._simp_1_2	-	UNMAPPED
_private.Init.Data.Rat.Lemmas.0.Rat.neg_divInt_neg.match_1_1	-	UNMAPPED
_private.Init.Data.Rat.Lemmas.0.Rat.neg_mul._simp_1_1	-	UNMAPPED
_private.Init.Data.Rat.Lemmas.0.Rat.nonneg_antisymm._proof_1_3	-	UNMAPPED
_private.Init.Data.Rat.Lemmas.0.Rat.nonneg_antisymm._simp_1_1	-	UNMAPPED
_private.Init.Data.Rat.Lemmas.0.Rat.nonneg_antisymm._simp_1_2	-	UNMAPPED
_private.Init.Data.Rat.Lemmas.0.Rat.nonneg_total._simp_1_1	-	UNMAPPED
_private.Init.Data.Rat.Lemmas.0.Rat.nonneg_total._simp_1_3	-	UNMAPPED
_private.Init.Data.Rat.Lemmas.0.Rat.num_nonneg._simp_1_2	-	UNMAPPED
_private.Init.Data.Repr.0.Nat.toDigitsCore.match_1	-	UNMAPPED
_private.Init.GetElem.0.List.«"getElem?_eq_none_iff"»._simp_1	-	UNMAPPED
_private.Init.GetElem.0.List.«"getElem?_eq_none_iff"»._simp_1_3	-	UNMAPPED
_private.Init.GetElem.0.List.«"getElem?_eq_none_iff"».match_1_1	-	UNMAPPED
_private.Init.Omega.Constraint.0.Lean.Omega.Constraint.combine_sat._simp_1_3	-	UNMAPPED
_private.Init.Omega.Constraint.0.Lean.Omega.Constraint.combine_sat._simp_1_4	-	UNMAPPED
_private.Init.Omega.Constraint.0.Lean.Omega.Constraint.scale_sat._simp_1_2	-	UNMAPPED
_private.Init.Omega.Constraint.0.Lean.Omega.normalize_sat._simp_1_1	-	UNMAPPED
_private.Init.Omega.Constraint.0.Lean.Omega.«"tidy?"».match_1.splitter	-	UNMAPPED
_private.Init.Omega.IntList.0.Lean.Omega.IntList.dot_of_left_zero._simp_1_1	-	UNMAPPED
_private.Init.Omega.IntList.0.Lean.Omega.IntList.dvd_gcd._simp_1_1	-	UNMAPPED
_private.Init.Omega.IntList.0.Lean.Omega.IntList.dvd_gcd._simp_1_2	-	UNMAPPED
_private.Init.Omega.IntList.0.Lean.Omega.IntList.gcd_cons_div_left._simp_1_2	-	UNMAPPED
_private.Init.Omega.IntList.0.Lean.Omega.IntList.gcd_eq_zero._simp_1_1	-	UNMAPPED
_private.Init.Omega.IntList.0.List.map_id	-	UNMAPPED
_private.Init.Omega.IntList.0.List.map_id'	-	UNMAPPED
_private.Init.Omega.IntList.0.List.mem_cons_of_mem	-	UNMAPPED
_private.Init.Omega.IntList.0.List.mem_cons_self	-	UNMAPPED
_private.Init.Prelude.0.Fin.eq_of_val_eq.match_1_1	-	UNMAPPED
_private.Init.Prelude.0.Nat.add_pos_right.match_1_1	-	UNMAPPED
_private.Init.Prelude.0.Nat.ble_eq_true_of_le.match_1_7	-	UNMAPPED
_private.Init.Prelude.0.Nat.ble_self_eq_true.match_1_1	-	UNMAPPED
_private.Init.Prelude.0.Nat.ble_succ_eq_true.match_1_1	-	UNMAPPED
_private.Init.Prelude.0.Nat.div_rec_lemma.match_1_1	-	UNMAPPED
_private.Init.Prelude.0.Nat.eq_of_beq_eq_true.match_1_1	-	UNMAPPED
_private.Init.Prelude.0.Nat.le_antisymm.match_1_1	-	UNMAPPED
_private.Init.Prelude.0.Nat.le_of_ble_eq_true.match_1_1	-	UNMAPPED
_private.Init.Prelude.0.Nat.le_trans.match_1_10	-	UNMAPPED
_private.Init.Prelude.0.Nat.lt_or_ge.match_1_1	-	UNMAPPED
_private.Init.Prelude.0.Nat.lt_or_ge.match_1_3	-	UNMAPPED
_private.Init.Prelude.0.Nat.lt_or_ge.match_1_5	-	UNMAPPED
_private.Init.Prelude.0.Nat.modCoreGo_lt.match_1_1	-	UNMAPPED
_private.Init.Prelude.0.Nat.modCore_lt.match_1_1	-	UNMAPPED
_private.Init.Prelude.0.Nat.mod_lt.match_1_1	-	UNMAPPED
_private.Init.Prelude.0.Nat.mod_lt.match_1_3	-	UNMAPPED
_private.Init.Prelude.0.Nat.mul_pos.match_1_1	-	UNMAPPED
_private.Init.Prelude.0.Nat.ne_of_beq_eq_false.match_1_1	-	UNMAPPED
_private.Init.Prelude.0.Nat.not_succ_le_self.match_1_1	-	UNMAPPED
_private.Init.Prelude.0.Nat.pow_pos.match_1_1	-	UNMAPPED
_private.Init.Prelude.0.Nat.pred_le.match_1_1	-	UNMAPPED
_private.Init.Prelude.0.Nat.pred_le_pred.match_1_1	-	UNMAPPED
_private.Init.Prelude.0.Nat.sub_lt.match_1_1	-	UNMAPPED
_private.Init.Prelude.0.Nat.succ_le_succ.match_1_7	-	UNMAPPED
_private.Init.Prelude.0.Nat.zero_le.match_1_1	-	UNMAPPED
_private.Init.Prelude.0.Nonempty.elim.match_1_1	-	UNMAPPED
_private.Init.Prelude.0.Or.elim.match_1_1	-	UNMAPPED
_private.Init.Prelude.0.decide_eq_false.match_1_1	-	UNMAPPED
_private.Init.Prelude.0.decide_eq_true.match_1_1	-	UNMAPPED
_private.Init.Prelude.0.isValidChar_UInt32	-	UNMAPPED
_private.Init.Prelude.0.isValidChar_UInt32.match_1_1	-	UNMAPPED
_private.Init.Prelude.0.ne_false_of_eq_true.match_1_1	-	UNMAPPED
_private.Init.Prelude.0.ne_true_of_eq_false.match_1_1	-	UNMAPPED
_private.Init.Prelude.0.noConfusion_of_Nat.aux	-	UNMAPPED
_private.Init.Prelude.0.noConfusion_of_Nat.aux._f	-	UNMAPPED
_private.Init.Prelude.0.noConfusion_of_Nat.aux.match_1_1	-	UNMAPPED
_private.Init.Prelude.0.of_decide_eq_false.match_1_1	-	UNMAPPED
_private.Init.Prelude.0.of_decide_eq_self_eq_true.match_1_1	-	UNMAPPED
_private.Init.Prelude.0.of_decide_eq_true.match_1_1	-	UNMAPPED
_private.Init.PropLemmas.0.or_imp.match_1_1	-	UNMAPPED
_private.Init.SimpLemmas.0.and_assoc.match_1_1	-	UNMAPPED
_private.Init.SimpLemmas.0.and_assoc.match_1_3	-	UNMAPPED
_private.Init.SimpLemmas.0.and_imp.match_1_1	-	UNMAPPED
_private.Init.SimpLemmas.0.false_or.match_1_1	-	UNMAPPED
_private.Init.SimpLemmas.0.or_self.match_1_1	-	UNMAPPED
_private.Init.WF.0.Nat.lt_wfRel.match_1	-	UNMAPPED
_private.UnifiedAggregation.Bridge.SchellingIsing.0.UnifiedAggregation.Bridge.heqDiscreteId	-	UNMAPPED
_private.UnifiedAggregation.Bridge.SchellingIsing.0.UnifiedAggregation.Bridge.rat_beta_eq_one	-	UNMAPPED
_private.UnifiedAggregation.Bridge.SchellingIsing.0.UnifiedAggregation.Bridge.rat_eq_both_nonneg	-	UNMAPPED
_private.UnifiedAggregation.Bridge.SchellingIsing.0.UnifiedAggregation.Bridge.rat_ne_neg_self	-	UNMAPPED
_private.UnifiedAggregation.Bridge.SchellingIsing.0.UnifiedAggregation.Bridge.rat_neg_eq_zero	-	UNMAPPED
_private.UnifiedAggregation.Bridge.SchellingIsing.0.UnifiedAggregation.Bridge.rat_neg_ne	-	UNMAPPED
_private.UnifiedAggregation.Bridge.SchellingIsing.0.UnifiedAggregation.Bridge.rat_neg_nonneg	-	UNMAPPED
_private.UnifiedAggregation.Bridge.SchellingIsing.0.UnifiedAggregation.Bridge.rat_negneg	-	UNMAPPED
_private.UnifiedAggregation.Bridge.SchellingIsing.0.UnifiedAggregation.Bridge.rat_one_add_sub_one	-	UNMAPPED
_private.UnifiedAggregation.Bridge.SchellingIsing.0.UnifiedAggregation.Bridge.rat_paramag_zero	-	UNMAPPED
_private.UnifiedAggregation.Bridge.SchellingIsing.0.UnifiedAggregation.Bridge.rat_pos_ne_zero	-	UNMAPPED
_private.UnifiedAggregation.Bridge.SchellingIsing.0.UnifiedAggregation.Bridge.rat_sub_one_ne	-	UNMAPPED
_private.UnifiedAggregation.Bridge.SchellingIsing.0.UnifiedAggregation.Bridge.rat_sub_one_nonneg	-	UNMAPPED
_private.UnifiedAggregation.Bridge.SchellingIsing.0.UnifiedAggregation.Bridge.«"congrArg₂"»	-	UNMAPPED
_private.UnifiedAggregation.FunctorExt.0.UnifiedAggregation.functorMapHEq	-	UNMAPPED
_private.UnifiedAggregation.Trichotomy.0.UnifiedAggregation.aggregation_dichotomy	-	UNMAPPED
_private.UnifiedAggregation.Trichotomy.0.UnifiedAggregation.aggregation_dichotomy.match_1_1	-	UNMAPPED
_private.UnifiedAggregation.Trichotomy.0.UnifiedAggregation.aggregation_dichotomy.match_1_3	-	UNMAPPED
absurd	-	UNMAPPED
and_assoc	-	UNMAPPED
and_comm	-	UNMAPPED
and_false	-	UNMAPPED
and_iff_left_iff_imp	-	UNMAPPED
and_iff_left_of_imp	-	UNMAPPED
and_imp	-	UNMAPPED
and_self	-	UNMAPPED
and_true	-	UNMAPPED
autoParam	-	UNMAPPED
beq_iff_eq	-	UNMAPPED
beq_iff_eq._simp_1	-	UNMAPPED
beq_of_eq	-	UNMAPPED
cast	-	UNMAPPED
cond	-	UNMAPPED
cond.match_1	-	UNMAPPED
congr	-	UNMAPPED
congrArg	mechCongr	NAME_ONLY
congrFun	-	UNMAPPED
congrFun'	-	UNMAPPED
decEq	-	UNMAPPED
decidable_of_decidable_of_iff	-	UNMAPPED
decidable_of_decidable_of_iff._proof_1	-	UNMAPPED
decide_eq_false	-	UNMAPPED
decide_eq_false_iff_not	-	UNMAPPED
decide_eq_false_iff_not._simp_1	-	UNMAPPED
decide_eq_true	-	UNMAPPED
decide_eq_true_eq	-	UNMAPPED
decide_false	-	UNMAPPED
decide_true	-	UNMAPPED
default.sizeOf	-	UNMAPPED
default.sizeOf.match_1	-	UNMAPPED
dif_neg	-	UNMAPPED
dif_pos	-	UNMAPPED
dite	-	UNMAPPED
dite_cond_eq_false	-	UNMAPPED
dite_cond_eq_true	-	UNMAPPED
dite_congr	-	UNMAPPED
eq_comm	-	UNMAPPED
eq_false	-	UNMAPPED
eq_false'	-	UNMAPPED
eq_iff_iff	-	UNMAPPED
eq_iff_iff._simp_1	-	UNMAPPED
eq_of_heq	-	UNMAPPED
eq_self	-	UNMAPPED
eq_true	-	UNMAPPED
false_and	-	UNMAPPED
false_iff	-	UNMAPPED
false_or	-	UNMAPPED
flip	-	UNMAPPED
forall_congr	-	UNMAPPED
forall_const	-	UNMAPPED
forall_const._simp_1	-	UNMAPPED
funext	-	UNMAPPED
ge_iff_le	-	UNMAPPED
ge_iff_le._simp_1	-	UNMAPPED
gt_iff_lt	-	UNMAPPED
gt_iff_lt._simp_1	-	UNMAPPED
heq_of_eq	-	UNMAPPED
id	-	UNMAPPED
if_neg	-	UNMAPPED
if_pos	-	UNMAPPED
iff_and_self	-	UNMAPPED
iff_and_self._simp_1	-	UNMAPPED
iff_false	-	UNMAPPED
iff_iff_eq	-	UNMAPPED
iff_of_false	-	UNMAPPED
iff_of_true	-	UNMAPPED
iff_self	-	UNMAPPED
iff_self_and	-	UNMAPPED
iff_self_and._simp_1	-	UNMAPPED
iff_true	-	UNMAPPED
iff_true_intro	-	UNMAPPED
imp.swap	-	UNMAPPED
imp_self	-	UNMAPPED
imp_self._simp_1	-	UNMAPPED
implies_congr	-	UNMAPPED
implies_congr_ctx	-	UNMAPPED
implies_dep_congr_ctx	-	UNMAPPED
implies_true	-	UNMAPPED
inferInstance	-	UNMAPPED
inline	-	UNMAPPED
instAddNat	-	UNMAPPED
instBEqOfDecidableEq	-	UNMAPPED
instDecidableAnd	-	UNMAPPED
instDecidableAnd._proof_1	-	UNMAPPED
instDecidableAnd._proof_2	-	UNMAPPED
instDecidableAnd.match_1	-	UNMAPPED
instDecidableEqBool	-	UNMAPPED
instDecidableEqFin	-	UNMAPPED
instDecidableEqFin._proof_1	-	UNMAPPED
instDecidableEqFin.match_1	-	UNMAPPED
instDecidableEqList.match_1	-	UNMAPPED
instDecidableEqNat	-	UNMAPPED
instDecidableEqOfIff	-	UNMAPPED
instDecidableEqOfIff._proof_1	-	UNMAPPED
instDecidableEqOfIff.match_1	-	UNMAPPED
instDecidableEqRat	-	UNMAPPED
instDecidableEqRat.decEq	-	UNMAPPED
instDecidableEqRat.decEq._proof_1	-	UNMAPPED
instDecidableEqRat.decEq._proof_2	-	UNMAPPED
instDecidableEqRat.decEq._proof_3	-	UNMAPPED
instDecidableEqRat.decEq._proof_4	-	UNMAPPED
instDecidableEqRat.decEq._proof_5	-	UNMAPPED
instDecidableEqRat.decEq.match_1	-	UNMAPPED
instDecidableFalse	-	UNMAPPED
instDecidableForall	-	UNMAPPED
instDecidableForall._proof_1	-	UNMAPPED
instDecidableIff	-	UNMAPPED
instDecidableIff._proof_1	-	UNMAPPED
instDecidableIff._proof_2	-	UNMAPPED
instDecidableIff._proof_3	-	UNMAPPED
instDecidableIff._proof_4	-	UNMAPPED
instDecidableNot	-	UNMAPPED
instDecidableOr	-	UNMAPPED
instDecidableOr._proof_1	-	UNMAPPED
instDecidableOr.match_1	-	UNMAPPED
instDecidableTrue	-	UNMAPPED
instHAdd	-	UNMAPPED
instHAppendOfAppend	-	UNMAPPED
instHDiv	-	UNMAPPED
instHMod	-	UNMAPPED
instHMul	-	UNMAPPED
instHPow	-	UNMAPPED
instHSub	-	UNMAPPED
instInhabitedRat._proof_1	-	UNMAPPED
instInhabitedRat._proof_2	-	UNMAPPED
instInhabitedTrue	-	UNMAPPED
instInhabitedTrue.default	-	UNMAPPED
instLENat	-	UNMAPPED
instLTNat	-	UNMAPPED
instLawfulBEq	-	UNMAPPED
instMulNat	-	UNMAPPED
instNatCastInt	-	UNMAPPED
instNatPowNat	-	UNMAPPED
instNonemptyOfInhabited	-	UNMAPPED
instOfNat	-	UNMAPPED
instOfNatNat	-	UNMAPPED
instPowNat	-	UNMAPPED
instSizeOfDefault	-	UNMAPPED
instSubNat	-	UNMAPPED
instSubsingletonDecidable	-	UNMAPPED
instToStringNat	-	UNMAPPED
instTransEq	-	UNMAPPED
instTransEq_1	-	UNMAPPED
ite	-	UNMAPPED
iteInduction	-	UNMAPPED
ite_cond_eq_false	-	UNMAPPED
ite_cond_eq_true	-	UNMAPPED
ite_congr	-	UNMAPPED
ite_self	-	UNMAPPED
le_of_le_of_eq	-	UNMAPPED
maxOfLe	-	UNMAPPED
minOfLe	-	UNMAPPED
mkPanicMessageWithDecl	-	UNMAPPED
mkRat	-	UNMAPPED
mt	-	UNMAPPED
namedPattern	-	UNMAPPED
ne_eq	-	UNMAPPED
ne_false_of_eq_true	-	UNMAPPED
ne_true_of_eq_false	-	UNMAPPED
noConfusionEnum	-	UNMAPPED
noConfusionEnum._proof_1	-	UNMAPPED
noConfusionTypeEnum	-	UNMAPPED
noConfusion_of_Nat	-	UNMAPPED
not_and	-	UNMAPPED
not_and._simp_1	-	UNMAPPED
not_congr	-	UNMAPPED
not_false	-	UNMAPPED
not_false_eq_true	-	UNMAPPED
not_not_intro	-	UNMAPPED
not_or	-	UNMAPPED
not_or_intro	-	UNMAPPED
not_true_eq_false	-	UNMAPPED
of_decide_eq_false	-	UNMAPPED
of_decide_eq_self_eq_true	-	UNMAPPED
of_decide_eq_true	-	UNMAPPED
of_eq_false	-	UNMAPPED
of_eq_true	-	UNMAPPED
optParam	-	UNMAPPED
or_imp	-	UNMAPPED
or_self	-	UNMAPPED
or_true	-	UNMAPPED
outParam	-	UNMAPPED
panic	-	UNMAPPED
panicCore	-	UNMAPPED
panicWithPosWithDecl	-	UNMAPPED
propext	-	UNMAPPED
propext_iff	-	UNMAPPED
rfl	-	UNMAPPED
trivial	-	UNMAPPED
true_and	-	UNMAPPED
true_or	-	UNMAPPED
«"GetElem?"»	-	UNMAPPED
«"GetElem?"».match_1	-	UNMAPPED
«"GetElem?"».mk	-	UNMAPPED
«"GetElem?"».toGetElem	-	UNMAPPED
«"GetElem?"».«"getElem!"»	-	UNMAPPED
«"GetElem?"».«"getElem?"»	-	UNMAPPED
«"getElem?_pos"»	-	UNMAPPED
